1,Igor,2,Olya@gmail.com,4,3,100
2,Nastya,1,Nastya@gmail.com,1,1,365
3,Petro,3,Vasya@ukr.com,2,4,100
4,Tonya,3,Igor@gmail.com,4,1,200
5,Igor,2,Nastya@gmail.com,2,2,100
6,Vasya,3,Tonya@gmail.com,3,3,365
7,Olya,1,Olya@gmail.com,1,1,100
8,Nastya,2,Olya@gmail.com,1,3,200
9,Nastya,2,Nastya@gmail.com,3,3,365
10,Nastya,2,Nastya@gmail.com,4,3,365
11,Petro,1,Vasya@ukr.com,1,4,423
12,Igor,2,Olya@gmail.com,4,1,423
13,Igor,2,Nastya@gmail.com,1,4,365
14,Petro,3,Nastya@gmail.com,4,2,365
15,Igor,3,Olya@gmail.com,2,1,365
16,Olya,2,Olya@gmail.com,2,1,423
17,Petro,3,Vasya@ukr.com,1,3,100
18,Nastya,2,Igor@gmail.com,4,2,200
19,Olya,2,Olya@gmail.com,3,1,365
20,Tonya,3,Igor@gmail.com,1,1,200
21,Tonya,1,Nastya@gmail.com,3,3,365
22,Petro,1,Tonya@gmail.com,3,4,423
23,Olya,3,Nastya@gmail.com,4,4,100
24,Vasya,2,Olya@gmail.com,4,1,365
25,Petro,1,Igor@gmail.com,2,3,100
26,Petro,3,Nastya@gmail.com,1,3,365
27,Vasya,2,Tonya@gmail.com,3,2,200
28,Nastya,2,Tonya@gmail.com,4,4,100
29,Nastya,1,Olya@gmail.com,4,2,200
30,Vasya,3,Olya@gmail.com,1,1,423
31,Vasya,2,Vasya@ukr.com,2,3,100
32,Vasya,2,Vasya@ukr.com,3,1,100
33,Igor,1,Vasya@ukr.com,4,4,365
34,Igor,1,Igor@gmail.com,4,4,423
35,Vasya,2,Igor@gmail.com,1,3,200
36,Olya,3,Nastya@gmail.com,2,1,200
37,Vasya,2,Tonya@gmail.com,3,1,365
38,Vasya,2,Igor@gmail.com,3,2,365
39,Nastya,3,Tonya@gmail.com,4,2,365
40,Olya,3,Tonya@gmail.com,4,2,423
41,Nastya,1,Vasya@ukr.com,4,3,200
42,Olya,3,Nastya@gmail.com,4,3,100
43,Igor,1,Nastya@gmail.com,4,3,423
44,Tonya,2,Igor@gmail.com,3,1,200
45,Tonya,3,Olya@gmail.com,2,4,100
46,Tonya,2,Nastya@gmail.com,2,2,365
47,Igor,1,Vasya@ukr.com,3,2,200
48,Igor,2,Tonya@gmail.com,4,3,365
49,Petro,1,Nastya@gmail.com,3,1,423
50,Olya,1,Tonya@gmail.com,1,4,100
51,Vasya,1,Vasya@ukr.com,3,1,200
52,Olya,3,Igor@gmail.com,3,3,423
53,Tonya,1,Vasya@ukr.com,1,4,100
54,Olya,3,Olya@gmail.com,1,3,200
55,Vasya,3,Nastya@gmail.com,2,2,365
56,Igor,3,Olya@gmail.com,4,4,100
57,Olya,2,Nastya@gmail.com,1,1,423
58,Igor,1,Vasya@ukr.com,4,1,423
59,Petro,2,Olya@gmail.com,1,2,100
60,Vasya,3,Olya@gmail.com,3,2,423
61,Vasya,3,Olya@gmail.com,4,2,423
62,Tonya,3,Igor@gmail.com,4,3,365
63,Olya,2,Nastya@gmail.com,2,3,200
64,Nastya,2,Olya@gmail.com,1,3,200
65,Vasya,2,Vasya@ukr.com,1,2,100
66,Igor,2,Igor@gmail.com,4,1,365
67,Tonya,2,Olya@gmail.com,3,4,423
68,Nastya,3,Vasya@ukr.com,4,4,100
69,Tonya,2,Olya@gmail.com,4,3,100
70,Tonya,3,Tonya@gmail.com,4,3,200
71,Tonya,3,Olya@gmail.com,3,1,100
72,Petro,1,Tonya@gmail.com,1,3,100
73,Nastya,1,Vasya@ukr.com,4,2,100
74,Nastya,3,Igor@gmail.com,1,2,200
75,Tonya,3,Nastya@gmail.com,1,4,423
76,Petro,3,Tonya@gmail.com,3,1,365
77,Vasya,1,Olya@gmail.com,1,4,365
78,Tonya,1,Nastya@gmail.com,1,1,365
79,Petro,2,Igor@gmail.com,2,1,365
80,Petro,3,Olya@gmail.com,3,4,365
81,Petro,3,Igor@gmail.com,4,3,100
82,Vasya,1,Vasya@ukr.com,1,3,365
83,Vasya,1,Olya@gmail.com,4,4,200
84,Olya,2,Olya@gmail.com,3,2,100
85,Nastya,1,Tonya@gmail.com,3,2,200
86,Petro,3,Nastya@gmail.com,3,2,100
87,Vasya,3,Tonya@gmail.com,4,4,200
88,Olya,1,Olya@gmail.com,4,2,200
89,Petro,1,Igor@gmail.com,2,1,423
90,Tonya,3,Vasya@ukr.com,2,4,365
91,Petro,3,Nastya@gmail.com,3,1,365
92,Igor,2,Igor@gmail.com,2,3,100
93,Petro,1,Igor@gmail.com,3,4,365
94,Petro,3,Igor@gmail.com,1,1,200
95,Vasya,3,Nastya@gmail.com,1,1,365
96,Petro,1,Nastya@gmail.com,4,4,100
97,Nastya,3,Vasya@ukr.com,2,4,423
98,Petro,3,Vasya@ukr.com,1,1,200
99,Nastya,2,Tonya@gmail.com,3,2,365
100,Igor,1,Igor@gmail.com,2,3,100
101,Tonya,3,Vasya@ukr.com,3,1,200
102,Vasya,2,Vasya@ukr.com,2,4,100
103,Nastya,3,Olya@gmail.com,3,3,200
104,Tonya,3,Olya@gmail.com,2,4,365
105,Petro,2,Olya@gmail.com,4,1,100
106,Olya,3,Tonya@gmail.com,1,4,200
107,Igor,1,Vasya@ukr.com,3,3,365
108,Tonya,1,Olya@gmail.com,3,4,200
109,Petro,3,Igor@gmail.com,2,1,100
110,Petro,2,Nastya@gmail.com,4,2,200
111,Tonya,3,Olya@gmail.com,1,4,423
112,Petro,1,Igor@gmail.com,2,1,100
113,Igor,3,Nastya@gmail.com,3,4,200
114,Vasya,1,Igor@gmail.com,4,4,200
115,Olya,2,Igor@gmail.com,3,2,200
116,Petro,3,Tonya@gmail.com,4,2,100
117,Nastya,1,Nastya@gmail.com,3,2,100
118,Petro,3,Igor@gmail.com,1,2,100
119,Vasya,1,Tonya@gmail.com,1,4,365
120,Tonya,2,Nastya@gmail.com,2,3,100
121,Petro,3,Tonya@gmail.com,2,1,200
122,Tonya,1,Nastya@gmail.com,4,3,423
123,Olya,1,Tonya@gmail.com,3,2,100
124,Nastya,3,Olya@gmail.com,3,1,200
125,Nastya,2,Igor@gmail.com,4,3,100
126,Vasya,1,Igor@gmail.com,2,2,423
127,Petro,1,Igor@gmail.com,2,4,423
128,Igor,2,Olya@gmail.com,4,4,365
129,Igor,3,Nastya@gmail.com,2,4,100
130,Petro,3,Tonya@gmail.com,3,4,200
131,Nastya,2,Tonya@gmail.com,2,4,100
132,Tonya,2,Olya@gmail.com,3,2,200
133,Olya,1,Olya@gmail.com,2,4,365
134,Petro,2,Igor@gmail.com,2,4,200
135,Nastya,2,Olya@gmail.com,1,2,423
136,Tonya,1,Olya@gmail.com,1,2,200
137,Tonya,2,Nastya@gmail.com,1,4,200
138,Olya,1,Igor@gmail.com,3,1,100
139,Tonya,1,Olya@gmail.com,4,4,100
140,Petro,2,Olya@gmail.com,3,3,100
141,Petro,3,Igor@gmail.com,3,3,423
142,Nastya,3,Igor@gmail.com,2,2,200
143,Igor,1,Tonya@gmail.com,1,4,423
144,Igor,3,Nastya@gmail.com,2,3,365
145,Nastya,1,Tonya@gmail.com,4,2,423
146,Petro,2,Igor@gmail.com,4,4,423
147,Petro,2,Nastya@gmail.com,1,1,423
148,Olya,1,Vasya@ukr.com,3,1,100
149,Olya,1,Olya@gmail.com,2,1,423
150,Petro,1,Olya@gmail.com,3,2,365
151,Nastya,3,Vasya@ukr.com,3,2,365
152,Petro,1,Nastya@gmail.com,1,3,200
153,Vasya,2,Igor@gmail.com,1,1,365
154,Petro,2,Olya@gmail.com,3,4,100
155,Vasya,2,Igor@gmail.com,3,4,365
156,Tonya,1,Tonya@gmail.com,1,4,423
157,Petro,2,Tonya@gmail.com,3,1,200
158,Vasya,3,Nastya@gmail.com,4,1,365
159,Olya,3,Igor@gmail.com,1,1,365
160,Petro,3,Tonya@gmail.com,4,1,200
161,Nastya,2,Olya@gmail.com,4,3,100
162,Petro,2,Nastya@gmail.com,3,4,423
163,Olya,3,Vasya@ukr.com,2,4,100
164,Petro,2,Igor@gmail.com,1,1,200
165,Vasya,2,Tonya@gmail.com,2,4,100
166,Petro,3,Igor@gmail.com,3,1,365
167,Olya,1,Olya@gmail.com,1,2,423
168,Tonya,1,Nastya@gmail.com,3,3,100
169,Vasya,2,Olya@gmail.com,4,1,423
170,Igor,1,Vasya@ukr.com,4,4,100
171,Igor,2,Igor@gmail.com,2,1,200
172,Vasya,2,Olya@gmail.com,4,3,100
173,Nastya,2,Vasya@ukr.com,2,1,365
174,Olya,2,Tonya@gmail.com,1,3,100
175,Nastya,2,Vasya@ukr.com,1,4,100
176,Petro,2,Vasya@ukr.com,1,2,365
177,Olya,3,Nastya@gmail.com,1,3,365
178,Vasya,2,Vasya@ukr.com,3,1,365
179,Nastya,1,Nastya@gmail.com,2,3,423
180,Tonya,1,Nastya@gmail.com,2,1,200
181,Igor,2,Vasya@ukr.com,1,4,365
182,Petro,3,Nastya@gmail.com,3,4,200
183,Petro,2,Nastya@gmail.com,2,4,365
184,Igor,3,Tonya@gmail.com,3,1,423
185,Petro,2,Olya@gmail.com,2,4,423
186,Nastya,2,Olya@gmail.com,1,2,100
187,Tonya,1,Nastya@gmail.com,1,1,200
188,Igor,1,Tonya@gmail.com,1,1,200
189,Nastya,2,Olya@gmail.com,1,2,423
190,Igor,2,Tonya@gmail.com,4,2,365
191,Igor,2,Nastya@gmail.com,1,2,100
192,Nastya,2,Tonya@gmail.com,1,3,423
193,Tonya,3,Nastya@gmail.com,1,2,100
194,Tonya,3,Igor@gmail.com,3,3,100
195,Olya,1,Igor@gmail.com,3,3,200
196,Nastya,1,Igor@gmail.com,2,3,423
197,Vasya,1,Olya@gmail.com,2,4,200
198,Petro,2,Tonya@gmail.com,1,2,365
199,Vasya,2,Nastya@gmail.com,1,4,365
200,Igor,3,Vasya@ukr.com,2,1,200
201,Vasya,3,Tonya@gmail.com,4,1,200
202,Olya,1,Tonya@gmail.com,2,1,100
203,Tonya,2,Tonya@gmail.com,1,2,423
204,Petro,3,Igor@gmail.com,4,4,365
205,Petro,3,Tonya@gmail.com,3,2,100
206,Tonya,2,Igor@gmail.com,4,1,100
207,Petro,2,Vasya@ukr.com,3,4,365
208,Igor,2,Igor@gmail.com,1,1,423
209,Olya,1,Tonya@gmail.com,4,1,423
210,Tonya,1,Vasya@ukr.com,3,4,423
211,Tonya,1,Nastya@gmail.com,2,4,423
212,Petro,1,Olya@gmail.com,2,3,423
213,Igor,3,Nastya@gmail.com,4,1,365
214,Nastya,2,Olya@gmail.com,1,3,100
215,Tonya,1,Nastya@gmail.com,2,4,100
216,Tonya,3,Vasya@ukr.com,2,3,423
217,Olya,1,Olya@gmail.com,4,2,100
218,Igor,3,Nastya@gmail.com,3,3,100
219,Petro,3,Vasya@ukr.com,1,3,100
220,Petro,3,Tonya@gmail.com,4,1,423
221,Petro,3,Igor@gmail.com,2,1,200
222,Nastya,3,Olya@gmail.com,1,1,365
223,Vasya,3,Olya@gmail.com,2,1,200
224,Olya,1,Igor@gmail.com,3,3,100
225,Igor,2,Olya@gmail.com,1,4,100
226,Igor,1,Nastya@gmail.com,3,2,200
227,Nastya,2,Nastya@gmail.com,2,2,423
228,Vasya,1,Igor@gmail.com,3,1,365
229,Vasya,3,Olya@gmail.com,3,4,100
230,Igor,3,Tonya@gmail.com,2,2,200
231,Vasya,2,Vasya@ukr.com,2,2,200
232,Petro,3,Tonya@gmail.com,2,4,365
233,Tonya,1,Igor@gmail.com,4,3,200
234,Petro,3,Olya@gmail.com,1,3,423
235,Tonya,3,Nastya@gmail.com,4,1,365
236,Tonya,1,Vasya@ukr.com,4,4,100
237,Tonya,1,Igor@gmail.com,3,3,100
238,Tonya,3,Igor@gmail.com,4,1,200
239,Olya,3,Vasya@ukr.com,3,2,100
240,Olya,1,Igor@gmail.com,2,3,365
241,Vasya,1,Olya@gmail.com,4,1,365
242,Tonya,3,Olya@gmail.com,4,3,365
243,Nastya,2,Vasya@ukr.com,4,2,100
244,Petro,1,Tonya@gmail.com,3,2,365
245,Igor,1,Igor@gmail.com,1,3,365
246,Petro,1,Olya@gmail.com,2,4,423
247,Petro,1,Tonya@gmail.com,3,4,100
248,Olya,3,Olya@gmail.com,4,2,423
249,Igor,2,Igor@gmail.com,3,1,365
250,Petro,2,Tonya@gmail.com,3,2,423
251,Igor,1,Igor@gmail.com,1,1,100
252,Tonya,3,Nastya@gmail.com,2,2,423
253,Igor,1,Igor@gmail.com,1,3,100
254,Igor,3,Nastya@gmail.com,1,1,365
255,Vasya,2,Vasya@ukr.com,3,3,200
256,Vasya,3,Igor@gmail.com,4,3,365
257,Olya,2,Vasya@ukr.com,4,3,200
258,Nastya,2,Vasya@ukr.com,1,4,423
259,Vasya,1,Nastya@gmail.com,1,3,100
260,Tonya,1,Igor@gmail.com,3,2,365
261,Tonya,2,Vasya@ukr.com,2,3,200
262,Nastya,2,Olya@gmail.com,2,1,423
263,Olya,3,Olya@gmail.com,1,2,365
264,Petro,3,Olya@gmail.com,1,4,100
265,Vasya,2,Igor@gmail.com,3,2,100
266,Igor,1,Olya@gmail.com,3,2,200
267,Vasya,2,Nastya@gmail.com,1,3,365
268,Tonya,2,Igor@gmail.com,2,2,423
269,Tonya,1,Tonya@gmail.com,3,2,200
270,Igor,3,Olya@gmail.com,3,4,100
271,Nastya,1,Olya@gmail.com,4,4,423
272,Vasya,2,Tonya@gmail.com,3,4,365
273,Nastya,2,Olya@gmail.com,3,4,365
274,Igor,1,Vasya@ukr.com,4,3,200
275,Olya,2,Olya@gmail.com,3,2,365
276,Tonya,2,Olya@gmail.com,2,3,200
277,Nastya,2,Tonya@gmail.com,2,1,100
278,Olya,2,Igor@gmail.com,4,2,365
279,Olya,2,Vasya@ukr.com,3,3,365
280,Petro,2,Tonya@gmail.com,4,1,200
281,Olya,2,Nastya@gmail.com,4,2,100
282,Olya,1,Olya@gmail.com,4,2,365
283,Olya,1,Tonya@gmail.com,2,3,365
284,Vasya,3,Igor@gmail.com,4,2,423
285,Nastya,3,Vasya@ukr.com,3,1,365
286,Tonya,1,Tonya@gmail.com,4,2,423
287,Igor,3,Nastya@gmail.com,2,3,365
288,Petro,3,Igor@gmail.com,3,4,365
289,Vasya,1,Igor@gmail.com,4,1,365
290,Tonya,1,Tonya@gmail.com,2,1,423
291,Igor,3,Vasya@ukr.com,4,3,365
292,Tonya,2,Vasya@ukr.com,4,1,200
293,Petro,2,Igor@gmail.com,2,3,423
294,Igor,2,Olya@gmail.com,2,4,423
295,Igor,1,Tonya@gmail.com,3,4,423
296,Tonya,3,Vasya@ukr.com,3,2,100
297,Petro,3,Tonya@gmail.com,2,3,423
298,Nastya,2,Vasya@ukr.com,1,2,365
299,Igor,3,Olya@gmail.com,2,4,365
300,Tonya,2,Tonya@gmail.com,1,3,423
301,Petro,1,Nastya@gmail.com,3,1,200
302,Igor,2,Vasya@ukr.com,1,4,423
303,Nastya,3,Nastya@gmail.com,3,2,200
304,Petro,1,Tonya@gmail.com,3,4,423
305,Nastya,3,Vasya@ukr.com,3,4,100
306,Vasya,3,Tonya@gmail.com,3,4,100
307,Tonya,1,Vasya@ukr.com,1,4,200
308,Nastya,2,Nastya@gmail.com,2,1,365
309,Nastya,2,Olya@gmail.com,2,2,200
310,Igor,1,Vasya@ukr.com,1,3,365
311,Petro,2,Olya@gmail.com,2,2,365
312,Vasya,1,Nastya@gmail.com,4,2,100
313,Tonya,1,Tonya@gmail.com,2,3,100
314,Olya,1,Nastya@gmail.com,1,1,100
315,Vasya,3,Tonya@gmail.com,1,3,365
316,Petro,3,Vasya@ukr.com,3,2,100
317,Nastya,1,Tonya@gmail.com,3,2,200
318,Igor,3,Olya@gmail.com,4,4,100
319,Igor,3,Igor@gmail.com,1,4,200
320,Nastya,2,Nastya@gmail.com,3,2,365
321,Nastya,1,Tonya@gmail.com,3,1,200
322,Tonya,2,Vasya@ukr.com,2,1,365
323,Petro,3,Igor@gmail.com,2,1,200
324,Igor,1,Olya@gmail.com,1,3,200
325,Igor,3,Olya@gmail.com,3,2,100
326,Petro,3,Tonya@gmail.com,2,4,423
327,Igor,2,Olya@gmail.com,1,1,100
328,Vasya,1,Tonya@gmail.com,1,2,423
329,Petro,3,Olya@gmail.com,3,1,100
330,Nastya,3,Igor@gmail.com,3,1,423
331,Olya,3,Igor@gmail.com,2,3,100
332,Olya,2,Olya@gmail.com,2,2,200
333,Tonya,2,Olya@gmail.com,3,2,200
334,Tonya,1,Nastya@gmail.com,3,4,200
335,Tonya,2,Nastya@gmail.com,2,2,100
336,Tonya,2,Olya@gmail.com,1,4,423
337,Nastya,1,Tonya@gmail.com,1,2,200
338,Olya,2,Vasya@ukr.com,1,3,100
339,Nastya,1,Nastya@gmail.com,1,4,423
340,Igor,2,Igor@gmail.com,2,3,365
341,Olya,3,Nastya@gmail.com,1,1,365
342,Olya,3,Nastya@gmail.com,4,4,423
343,Vasya,3,Tonya@gmail.com,4,3,200
344,Olya,3,Olya@gmail.com,4,1,423
345,Vasya,3,Tonya@gmail.com,3,4,365
346,Petro,3,Nastya@gmail.com,3,1,423
347,Tonya,3,Vasya@ukr.com,1,4,100
348,Petro,3,Igor@gmail.com,1,2,365
349,Petro,1,Igor@gmail.com,3,1,423
350,Igor,1,Vasya@ukr.com,1,1,200
351,Nastya,3,Tonya@gmail.com,2,4,100
352,Tonya,3,Olya@gmail.com,3,3,365
353,Igor,3,Tonya@gmail.com,3,3,365
354,Igor,1,Tonya@gmail.com,2,2,365
355,Nastya,3,Tonya@gmail.com,1,2,100
356,Nastya,2,Olya@gmail.com,4,1,200
357,Vasya,3,Tonya@gmail.com,4,3,423
358,Petro,3,Nastya@gmail.com,1,1,200
359,Igor,2,Olya@gmail.com,4,4,365
360,Tonya,2,Nastya@gmail.com,2,2,100
361,Olya,3,Igor@gmail.com,4,3,423
362,Petro,2,Vasya@ukr.com,2,1,100
363,Petro,3,Igor@gmail.com,3,4,365
364,Igor,2,Vasya@ukr.com,3,1,365
365,Nastya,1,Vasya@ukr.com,1,4,200
366,Tonya,1,Olya@gmail.com,3,4,365
367,Igor,2,Olya@gmail.com,1,1,100
368,Tonya,2,Tonya@gmail.com,2,2,200
369,Tonya,1,Igor@gmail.com,2,3,365
370,Petro,2,Nastya@gmail.com,4,2,365
371,Vasya,2,Igor@gmail.com,2,1,423
372,Vasya,3,Vasya@ukr.com,4,2,200
373,Vasya,1,Tonya@gmail.com,3,1,365
374,Tonya,1,Igor@gmail.com,3,3,365
375,Tonya,1,Igor@gmail.com,3,4,100
376,Vasya,2,Vasya@ukr.com,2,3,423
377,Olya,2,Tonya@gmail.com,3,3,365
378,Vasya,1,Olya@gmail.com,1,3,423
379,Igor,3,Vasya@ukr.com,2,3,100
380,Petro,1,Tonya@gmail.com,3,3,423
381,Igor,2,Vasya@ukr.com,1,3,365
382,Vasya,2,Nastya@gmail.com,1,4,200
383,Igor,3,Vasya@ukr.com,1,1,423
384,Petro,1,Nastya@gmail.com,2,1,423
385,Nastya,1,Olya@gmail.com,4,2,200
386,Tonya,2,Tonya@gmail.com,1,1,423
387,Vasya,3,Igor@gmail.com,3,3,365
388,Igor,2,Nastya@gmail.com,3,4,200
389,Petro,1,Igor@gmail.com,1,3,365
390,Petro,1,Nastya@gmail.com,4,3,100
391,Tonya,3,Igor@gmail.com,4,3,100
392,Igor,2,Igor@gmail.com,2,2,365
393,Petro,1,Nastya@gmail.com,1,4,423
394,Igor,2,Olya@gmail.com,2,4,423
395,Igor,3,Vasya@ukr.com,4,3,200
396,Olya,2,Tonya@gmail.com,4,3,200
397,Igor,1,Vasya@ukr.com,4,1,423
398,Vasya,2,Igor@gmail.com,1,4,423
399,Nastya,1,Vasya@ukr.com,1,3,100
400,Petro,2,Nastya@gmail.com,4,1,365
401,Vasya,2,Vasya@ukr.com,3,3,423
402,Olya,1,Nastya@gmail.com,3,2,100
403,Nastya,3,Nastya@gmail.com,4,2,423
404,Olya,2,Igor@gmail.com,2,2,200
405,Tonya,2,Olya@gmail.com,1,1,423
406,Igor,3,Tonya@gmail.com,1,1,423
407,Nastya,2,Igor@gmail.com,4,4,365
408,Tonya,2,Igor@gmail.com,2,4,423
409,Olya,2,Nastya@gmail.com,4,4,423
410,Petro,1,Igor@gmail.com,1,4,100
411,Nastya,2,Olya@gmail.com,2,4,423
412,Vasya,3,Igor@gmail.com,1,4,365
413,Nastya,3,Tonya@gmail.com,1,3,423
414,Vasya,2,Nastya@gmail.com,4,2,200
415,Olya,1,Tonya@gmail.com,4,1,365
416,Olya,1,Vasya@ukr.com,2,1,100
417,Olya,1,Igor@gmail.com,3,3,365
418,Petro,1,Olya@gmail.com,1,3,423
419,Petro,1,Igor@gmail.com,4,3,100
420,Igor,3,Igor@gmail.com,1,3,200
421,Petro,3,Igor@gmail.com,2,4,423
422,Igor,2,Nastya@gmail.com,3,4,423
423,Tonya,3,Olya@gmail.com,1,1,100
424,Igor,1,Tonya@gmail.com,3,2,200
425,Vasya,3,Tonya@gmail.com,2,1,200
426,Nastya,2,Vasya@ukr.com,3,2,365
427,Olya,1,Olya@gmail.com,3,4,200
428,Tonya,3,Igor@gmail.com,4,4,100
429,Olya,2,Nastya@gmail.com,3,1,423
430,Vasya,1,Nastya@gmail.com,2,4,365
431,Vasya,1,Nastya@gmail.com,4,4,365
432,Petro,1,Vasya@ukr.com,1,1,423
433,Olya,1,Nastya@gmail.com,3,3,200
434,Tonya,2,Igor@gmail.com,2,3,423
435,Nastya,3,Igor@gmail.com,1,4,365
436,Olya,2,Nastya@gmail.com,4,4,200
437,Olya,2,Olya@gmail.com,2,4,200
438,Petro,1,Tonya@gmail.com,2,4,365
439,Vasya,1,Igor@gmail.com,4,2,100
440,Igor,3,Nastya@gmail.com,1,3,365
441,Petro,3,Igor@gmail.com,2,1,200
442,Vasya,3,Olya@gmail.com,2,2,365
443,Igor,2,Olya@gmail.com,4,4,365
444,Olya,3,Igor@gmail.com,3,1,200
445,Igor,1,Nastya@gmail.com,1,2,100
446,Vasya,1,Olya@gmail.com,1,3,100
447,Vasya,2,Tonya@gmail.com,2,2,423
448,Nastya,1,Olya@gmail.com,2,3,423
449,Igor,3,Igor@gmail.com,1,3,423
450,Igor,1,Igor@gmail.com,3,4,423
451,Tonya,1,Tonya@gmail.com,2,1,200
452,Nastya,2,Vasya@ukr.com,2,1,100
453,Nastya,3,Tonya@gmail.com,1,3,100
454,Nastya,2,Vasya@ukr.com,2,2,200
455,Olya,3,Nastya@gmail.com,2,3,200
456,Olya,1,Olya@gmail.com,1,4,423
457,Nastya,1,Tonya@gmail.com,1,2,200
458,Igor,2,Olya@gmail.com,1,4,423
459,Nastya,2,Nastya@gmail.com,3,4,423
460,Nastya,1,Tonya@gmail.com,4,1,100
461,Petro,2,Tonya@gmail.com,3,3,423
462,Igor,2,Olya@gmail.com,1,4,423
463,Vasya,1,Nastya@gmail.com,2,2,200
464,Olya,1,Vasya@ukr.com,1,4,365
465,Igor,1,Tonya@gmail.com,3,2,365
466,Nastya,2,Vasya@ukr.com,2,3,423
467,Petro,1,Nastya@gmail.com,3,2,423
468,Tonya,2,Tonya@gmail.com,3,3,365
469,Tonya,2,Vasya@ukr.com,3,2,100
470,Tonya,3,Igor@gmail.com,4,4,365
471,Tonya,2,Igor@gmail.com,4,2,423
472,Petro,3,Nastya@gmail.com,2,4,100
473,Nastya,2,Olya@gmail.com,1,4,100
474,Igor,1,Vasya@ukr.com,4,1,365
475,Vasya,1,Igor@gmail.com,2,4,365
476,Igor,3,Vasya@ukr.com,4,2,423
477,Petro,3,Olya@gmail.com,1,1,100
478,Vasya,3,Olya@gmail.com,1,1,100
479,Olya,3,Vasya@ukr.com,2,4,423
480,Nastya,1,Tonya@gmail.com,4,4,200
481,Nastya,3,Vasya@ukr.com,4,1,200
482,Nastya,1,Igor@gmail.com,4,3,365
483,Olya,1,Nastya@gmail.com,1,4,100
484,Tonya,2,Tonya@gmail.com,1,2,200
485,Vasya,1,Vasya@ukr.com,4,2,365
486,Petro,1,Nastya@gmail.com,4,4,100
487,Igor,3,Nastya@gmail.com,3,1,100
488,Tonya,1,Olya@gmail.com,3,1,100
489,Igor,1,Olya@gmail.com,3,3,100
490,Igor,2,Vasya@ukr.com,4,4,365
491,Olya,2,Olya@gmail.com,2,4,100
492,Nastya,2,Igor@gmail.com,1,4,100
493,Nastya,1,Tonya@gmail.com,4,3,100
494,Tonya,1,Tonya@gmail.com,2,2,200
495,Igor,3,Vasya@ukr.com,4,1,200
496,Tonya,2,Vasya@ukr.com,4,4,200
497,Tonya,3,Olya@gmail.com,4,4,200
498,Vasya,1,Vasya@ukr.com,3,1,423
499,Vasya,1,Igor@gmail.com,3,3,423
500,Tonya,3,Olya@gmail.com,3,1,100
501,Tonya,1,Tonya@gmail.com,1,2,365
502,Tonya,1,Vasya@ukr.com,3,4,100
503,Igor,3,Tonya@gmail.com,4,4,365
504,Vasya,3,Tonya@gmail.com,3,1,100
505,Petro,2,Vasya@ukr.com,4,4,423
506,Igor,1,Igor@gmail.com,1,4,100
507,Nastya,2,Vasya@ukr.com,4,4,200
508,Petro,1,Olya@gmail.com,2,3,100
509,Igor,2,Igor@gmail.com,1,2,365
510,Tonya,2,Olya@gmail.com,1,4,365
511,Olya,1,Vasya@ukr.com,3,2,365
512,Olya,2,Olya@gmail.com,4,4,365
513,Igor,1,Olya@gmail.com,3,2,100
514,Olya,2,Igor@gmail.com,4,4,423
515,Nastya,2,Igor@gmail.com,3,2,365
516,Igor,3,Tonya@gmail.com,2,1,365
517,Vasya,3,Nastya@gmail.com,4,1,423
518,Vasya,1,Olya@gmail.com,2,2,365
519,Igor,2,Vasya@ukr.com,3,2,100
520,Nastya,1,Nastya@gmail.com,1,2,200
521,Tonya,3,Olya@gmail.com,4,4,100
522,Olya,3,Tonya@gmail.com,3,1,365
523,Nastya,3,Olya@gmail.com,1,1,365
524,Tonya,3,Vasya@ukr.com,1,2,200
525,Petro,2,Vasya@ukr.com,4,4,100
526,Tonya,2,Olya@gmail.com,4,3,200
527,Igor,2,Igor@gmail.com,4,3,365
528,Vasya,1,Vasya@ukr.com,3,4,100
529,Petro,3,Olya@gmail.com,4,1,365
530,Olya,2,Nastya@gmail.com,2,2,423
531,Nastya,3,Nastya@gmail.com,1,4,200
532,Tonya,3,Igor@gmail.com,3,1,200
533,Petro,3,Igor@gmail.com,4,3,423
534,Petro,1,Tonya@gmail.com,2,4,200
535,Olya,2,Nastya@gmail.com,4,2,423
536,Tonya,2,Vasya@ukr.com,2,3,200
537,Petro,2,Nastya@gmail.com,1,1,365
538,Petro,2,Olya@gmail.com,2,2,423
539,Nastya,1,Igor@gmail.com,1,3,100
540,Petro,2,Igor@gmail.com,1,2,200
541,Igor,2,Vasya@ukr.com,3,2,200
542,Igor,2,Vasya@ukr.com,2,3,423
543,Igor,2,Vasya@ukr.com,3,1,365
544,Vasya,3,Olya@gmail.com,4,3,423
545,Igor,2,Nastya@gmail.com,3,2,100
546,Tonya,1,Olya@gmail.com,1,1,200
547,Nastya,2,Olya@gmail.com,1,1,100
548,Petro,1,Tonya@gmail.com,3,1,100
549,Nastya,2,Igor@gmail.com,4,2,200
550,Petro,3,Tonya@gmail.com,2,1,100
551,Petro,1,Vasya@ukr.com,4,1,365
552,Igor,1,Tonya@gmail.com,1,1,365
553,Petro,2,Olya@gmail.com,3,3,100
554,Vasya,3,Olya@gmail.com,4,3,423
555,Petro,1,Vasya@ukr.com,2,1,365
556,Vasya,3,Nastya@gmail.com,2,1,100
557,Olya,3,Olya@gmail.com,4,2,365
558,Petro,2,Igor@gmail.com,1,2,365
559,Olya,3,Nastya@gmail.com,2,1,423
560,Vasya,1,Nastya@gmail.com,3,2,423
561,Igor,3,Tonya@gmail.com,1,4,100
562,Tonya,1,Olya@gmail.com,3,2,423
563,Olya,3,Vasya@ukr.com,4,2,365
564,Olya,1,Nastya@gmail.com,2,4,100
565,Vasya,3,Olya@gmail.com,3,3,200
566,Petro,1,Igor@gmail.com,2,3,365
567,Olya,2,Nastya@gmail.com,1,3,365
568,Petro,2,Nastya@gmail.com,3,4,423
569,Vasya,1,Nastya@gmail.com,2,3,365
570,Tonya,2,Olya@gmail.com,2,1,100
571,Tonya,2,Olya@gmail.com,4,3,423
572,Petro,3,Nastya@gmail.com,1,1,200
573,Tonya,2,Olya@gmail.com,2,1,423
574,Petro,2,Olya@gmail.com,3,2,365
575,Vasya,3,Nastya@gmail.com,3,3,423
576,Tonya,2,Vasya@ukr.com,2,1,200
577,Igor,1,Igor@gmail.com,3,3,100
578,Tonya,2,Tonya@gmail.com,1,4,100
579,Vasya,3,Olya@gmail.com,1,3,200
580,Vasya,3,Nastya@gmail.com,1,3,100
581,Vasya,3,Olya@gmail.com,4,1,200
582,Tonya,2,Tonya@gmail.com,2,3,200
583,Vasya,3,Tonya@gmail.com,4,1,200
584,Vasya,2,Vasya@ukr.com,3,2,100
585,Petro,3,Igor@gmail.com,3,2,365
586,Igor,3,Nastya@gmail.com,1,3,365
587,Nastya,2,Tonya@gmail.com,3,1,100
588,Tonya,1,Olya@gmail.com,1,1,200
589,Vasya,1,Vasya@ukr.com,1,1,100
590,Tonya,3,Nastya@gmail.com,1,1,100
591,Igor,2,Olya@gmail.com,1,1,423
592,Olya,1,Nastya@gmail.com,3,3,100
593,Petro,2,Nastya@gmail.com,2,2,100
594,Nastya,1,Vasya@ukr.com,1,2,100
595,Nastya,1,Nastya@gmail.com,2,2,200
596,Nastya,3,Igor@gmail.com,1,3,100
597,Nastya,1,Olya@gmail.com,2,1,365
598,Igor,1,Olya@gmail.com,4,4,200
599,Vasya,1,Olya@gmail.com,1,1,423
600,Vasya,3,Nastya@gmail.com,2,2,100
601,Olya,2,Nastya@gmail.com,2,4,365
602,Tonya,1,Vasya@ukr.com,3,3,100
603,Nastya,2,Nastya@gmail.com,2,4,423
604,Tonya,3,Vasya@ukr.com,2,2,423
605,Nastya,2,Vasya@ukr.com,2,2,100
606,Vasya,1,Tonya@gmail.com,2,1,200
607,Petro,3,Vasya@ukr.com,2,2,423
608,Olya,1,Igor@gmail.com,4,2,100
609,Igor,1,Tonya@gmail.com,1,2,100
610,Petro,2,Igor@gmail.com,1,1,100
611,Tonya,1,Tonya@gmail.com,4,1,100
612,Olya,2,Vasya@ukr.com,2,2,200
613,Nastya,2,Nastya@gmail.com,1,2,365
614,Petro,1,Nastya@gmail.com,1,4,100
615,Olya,3,Tonya@gmail.com,3,3,100
616,Tonya,1,Tonya@gmail.com,4,1,200
617,Olya,2,Igor@gmail.com,2,1,200
618,Igor,1,Olya@gmail.com,1,1,200
619,Nastya,1,Nastya@gmail.com,3,2,100
620,Vasya,1,Tonya@gmail.com,4,3,200
621,Vasya,3,Nastya@gmail.com,1,1,423
622,Tonya,2,Vasya@ukr.com,4,4,200
623,Vasya,1,Vasya@ukr.com,1,1,100
624,Vasya,2,Tonya@gmail.com,2,2,365
625,Petro,1,Nastya@gmail.com,4,3,423
626,Nastya,1,Nastya@gmail.com,2,1,200
627,Olya,1,Nastya@gmail.com,3,1,365
628,Igor,1,Igor@gmail.com,1,4,423
629,Tonya,2,Tonya@gmail.com,2,1,200
630,Vasya,3,Nastya@gmail.com,3,3,100
631,Petro,3,Tonya@gmail.com,2,4,365
632,Vasya,1,Vasya@ukr.com,3,1,100
633,Igor,2,Igor@gmail.com,2,4,365
634,Olya,1,Igor@gmail.com,3,3,200
635,Tonya,1,Olya@gmail.com,2,2,423
636,Petro,1,Vasya@ukr.com,1,2,365
637,Igor,3,Tonya@gmail.com,3,1,365
638,Nastya,2,Tonya@gmail.com,3,3,423
639,Nastya,2,Nastya@gmail.com,3,1,200
640,Olya,2,Olya@gmail.com,2,2,100
641,Petro,1,Tonya@gmail.com,3,3,365
642,Nastya,1,Olya@gmail.com,3,3,200
643,Igor,2,Vasya@ukr.com,1,3,365
644,Olya,2,Tonya@gmail.com,3,1,100
645,Petro,2,Vasya@ukr.com,2,3,423
646,Olya,1,Igor@gmail.com,3,4,200
647,Nastya,3,Tonya@gmail.com,3,1,423
648,Igor,2,Vasya@ukr.com,3,1,200
649,Petro,1,Vasya@ukr.com,4,1,365
650,Petro,3,Tonya@gmail.com,2,4,100
651,Petro,2,Olya@gmail.com,3,2,200
652,Igor,2,Vasya@ukr.com,2,1,365
653,Igor,1,Nastya@gmail.com,1,2,365
654,Nastya,1,Olya@gmail.com,2,4,100
655,Igor,3,Tonya@gmail.com,3,2,200
656,Petro,2,Nastya@gmail.com,3,1,365
657,Igor,3,Tonya@gmail.com,2,1,200
658,Olya,3,Vasya@ukr.com,1,3,100
659,Petro,3,Tonya@gmail.com,1,3,200
660,Vasya,3,Tonya@gmail.com,1,3,200
661,Tonya,3,Vasya@ukr.com,4,4,100
662,Petro,3,Olya@gmail.com,4,1,100
663,Olya,2,Nastya@gmail.com,4,1,423
664,Igor,3,Olya@gmail.com,3,1,423
665,Vasya,3,Nastya@gmail.com,2,3,423
666,Igor,1,Tonya@gmail.com,3,3,365
667,Vasya,3,Vasya@ukr.com,3,4,423
668,Nastya,2,Igor@gmail.com,3,2,100
669,Olya,3,Olya@gmail.com,3,4,200
670,Nastya,2,Olya@gmail.com,1,3,200
671,Petro,2,Igor@gmail.com,2,4,100
672,Vasya,3,Nastya@gmail.com,4,1,100
673,Nastya,1,Tonya@gmail.com,4,2,200
674,Petro,1,Tonya@gmail.com,2,2,200
675,Olya,3,Igor@gmail.com,2,4,200
676,Petro,2,Olya@gmail.com,1,1,100
677,Vasya,1,Tonya@gmail.com,3,4,365
678,Nastya,3,Nastya@gmail.com,4,4,365
679,Tonya,3,Olya@gmail.com,2,3,423
680,Vasya,3,Vasya@ukr.com,3,2,365
681,Tonya,3,Tonya@gmail.com,2,1,100
682,Petro,3,Vasya@ukr.com,3,2,200
683,Vasya,3,Olya@gmail.com,3,4,100
684,Petro,3,Tonya@gmail.com,3,3,423
685,Tonya,2,Nastya@gmail.com,2,2,100
686,Vasya,3,Igor@gmail.com,3,1,200
687,Vasya,1,Olya@gmail.com,3,2,423
688,Nastya,1,Olya@gmail.com,2,2,200
689,Tonya,2,Tonya@gmail.com,2,3,100
690,Igor,2,Igor@gmail.com,1,1,423
691,Petro,2,Tonya@gmail.com,2,2,365
692,Nastya,1,Olya@gmail.com,2,4,423
693,Vasya,3,Igor@gmail.com,3,2,100
694,Igor,2,Tonya@gmail.com,4,4,200
695,Tonya,1,Olya@gmail.com,3,4,200
696,Olya,3,Nastya@gmail.com,4,4,423
697,Nastya,3,Nastya@gmail.com,3,4,200
698,Nastya,1,Igor@gmail.com,2,2,100
699,Igor,3,Tonya@gmail.com,2,2,100
700,Vasya,3,Vasya@ukr.com,1,4,200
701,Vasya,2,Igor@gmail.com,4,1,100
702,Petro,1,Vasya@ukr.com,3,1,365
703,Vasya,2,Olya@gmail.com,3,3,100
704,Nastya,3,Vasya@ukr.com,4,3,100
705,Vasya,3,Tonya@gmail.com,2,3,365
706,Nastya,1,Igor@gmail.com,1,1,365
707,Petro,3,Vasya@ukr.com,2,3,200
708,Igor,3,Olya@gmail.com,3,3,100
709,Tonya,1,Nastya@gmail.com,4,4,423
710,Igor,2,Vasya@ukr.com,2,4,365
711,Petro,3,Igor@gmail.com,3,1,365
712,Tonya,1,Tonya@gmail.com,2,2,100
713,Vasya,2,Tonya@gmail.com,2,3,365
714,Nastya,3,Nastya@gmail.com,2,1,200
715,Igor,1,Olya@gmail.com,4,3,365
716,Igor,1,Nastya@gmail.com,4,2,200
717,Olya,1,Vasya@ukr.com,3,4,423
718,Igor,3,Nastya@gmail.com,3,2,200
719,Olya,1,Olya@gmail.com,2,1,423
720,Petro,2,Igor@gmail.com,2,1,200
721,Petro,3,Vasya@ukr.com,2,3,423
722,Igor,1,Vasya@ukr.com,1,1,423
723,Nastya,1,Olya@gmail.com,4,4,423
724,Petro,2,Igor@gmail.com,1,4,100
725,Tonya,3,Igor@gmail.com,3,4,365
726,Nastya,1,Nastya@gmail.com,3,1,423
727,Olya,2,Nastya@gmail.com,2,2,365
728,Igor,2,Nastya@gmail.com,2,2,100
729,Petro,3,Tonya@gmail.com,1,2,100
730,Olya,1,Vasya@ukr.com,2,4,365
731,Tonya,1,Olya@gmail.com,1,4,200
732,Tonya,3,Nastya@gmail.com,3,3,100
733,Vasya,1,Vasya@ukr.com,3,1,423
734,Vasya,2,Igor@gmail.com,2,3,365
735,Nastya,1,Vasya@ukr.com,2,3,365
736,Nastya,3,Olya@gmail.com,3,1,200
737,Olya,1,Olya@gmail.com,2,3,200
738,Olya,1,Nastya@gmail.com,4,1,365
739,Vasya,3,Nastya@gmail.com,1,3,365
740,Petro,1,Olya@gmail.com,1,1,100
741,Igor,3,Tonya@gmail.com,1,3,200
742,Vasya,3,Nastya@gmail.com,4,2,365
743,Nastya,1,Vasya@ukr.com,2,2,365
744,Petro,1,Tonya@gmail.com,4,2,423
745,Petro,1,Olya@gmail.com,1,1,423
746,Tonya,1,Nastya@gmail.com,1,2,200
747,Nastya,2,Vasya@ukr.com,4,2,365
748,Petro,1,Igor@gmail.com,2,4,200
749,Olya,3,Vasya@ukr.com,3,1,365
750,Nastya,3,Igor@gmail.com,2,1,100
751,Petro,1,Nastya@gmail.com,3,1,100
752,Vasya,2,Igor@gmail.com,3,4,365
753,Vasya,3,Igor@gmail.com,4,3,423
754,Vasya,1,Vasya@ukr.com,1,1,423
755,Olya,1,Igor@gmail.com,2,2,100
756,Tonya,2,Vasya@ukr.com,4,2,365
757,Nastya,1,Vasya@ukr.com,3,1,200
758,Tonya,1,Olya@gmail.com,4,4,200
759,Petro,3,Igor@gmail.com,1,1,100
760,Vasya,3,Nastya@gmail.com,4,4,423
761,Nastya,3,Igor@gmail.com,2,2,100
762,Olya,3,Nastya@gmail.com,1,3,423
763,Petro,2,Olya@gmail.com,1,2,365
764,Olya,3,Olya@gmail.com,3,1,423
765,Nastya,2,Igor@gmail.com,2,4,423
766,Olya,2,Nastya@gmail.com,4,3,365
767,Vasya,3,Igor@gmail.com,4,3,365
768,Vasya,2,Nastya@gmail.com,2,4,100
769,Petro,1,Tonya@gmail.com,4,4,100
770,Tonya,2,Igor@gmail.com,2,4,423
771,Petro,2,Olya@gmail.com,2,1,423
772,Nastya,1,Nastya@gmail.com,2,3,423
773,Vasya,1,Vasya@ukr.com,3,3,100
774,Petro,3,Olya@gmail.com,2,3,423
775,Olya,2,Olya@gmail.com,3,1,365
776,Nastya,1,Vasya@ukr.com,2,1,200
777,Olya,3,Olya@gmail.com,1,4,423
778,Tonya,2,Igor@gmail.com,1,1,200
779,Petro,2,Nastya@gmail.com,2,1,423
780,Petro,2,Tonya@gmail.com,2,2,365
781,Tonya,1,Tonya@gmail.com,1,3,423
782,Vasya,1,Vasya@ukr.com,3,4,200
783,Igor,3,Tonya@gmail.com,4,3,365
784,Nastya,1,Igor@gmail.com,3,2,365
785,Igor,1,Igor@gmail.com,2,4,423
786,Petro,3,Vasya@ukr.com,4,3,200
787,Igor,1,Nastya@gmail.com,1,3,200
788,Vasya,3,Tonya@gmail.com,1,4,365
789,Nastya,3,Olya@gmail.com,1,3,423
790,Igor,1,Vasya@ukr.com,3,2,100
791,Igor,1,Tonya@gmail.com,3,2,100
792,Vasya,2,Igor@gmail.com,4,1,423
793,Nastya,3,Olya@gmail.com,2,3,100
794,Igor,3,Olya@gmail.com,1,4,200
795,Tonya,1,Igor@gmail.com,3,2,200
796,Nastya,1,Olya@gmail.com,2,1,200
797,Petro,3,Olya@gmail.com,1,1,100
798,Nastya,3,Igor@gmail.com,1,3,100
799,Nastya,2,Tonya@gmail.com,4,2,200
800,Nastya,1,Tonya@gmail.com,4,4,365
801,Olya,2,Tonya@gmail.com,1,4,365
802,Igor,3,Olya@gmail.com,3,1,423
803,Olya,3,Igor@gmail.com,1,1,365
804,Vasya,3,Vasya@ukr.com,1,4,423
805,Igor,1,Nastya@gmail.com,4,4,365
806,Nastya,2,Vasya@ukr.com,2,3,423
807,Olya,2,Vasya@ukr.com,1,3,365
808,Tonya,3,Igor@gmail.com,4,1,423
809,Tonya,3,Nastya@gmail.com,1,1,100
810,Vasya,3,Igor@gmail.com,1,3,423
811,Nastya,3,Igor@gmail.com,3,1,423
812,Vasya,3,Nastya@gmail.com,4,2,423
813,Vasya,2,Olya@gmail.com,2,2,200
814,Igor,3,Vasya@ukr.com,2,3,423
815,Nastya,3,Tonya@gmail.com,3,1,200
816,Petro,1,Nastya@gmail.com,1,1,365
817,Vasya,3,Nastya@gmail.com,4,1,365
818,Vasya,1,Igor@gmail.com,3,1,365
819,Vasya,1,Igor@gmail.com,4,2,423
820,Igor,3,Nastya@gmail.com,1,3,200
821,Igor,2,Tonya@gmail.com,4,3,200
822,Olya,2,Igor@gmail.com,4,4,200
823,Petro,3,Tonya@gmail.com,4,1,100
824,Igor,3,Nastya@gmail.com,4,3,423
825,Nastya,3,Igor@gmail.com,4,2,100
826,Igor,2,Tonya@gmail.com,4,3,100
827,Olya,2,Vasya@ukr.com,4,1,365
828,Igor,3,Nastya@gmail.com,2,4,100
829,Tonya,3,Vasya@ukr.com,1,4,200
830,Petro,1,Tonya@gmail.com,2,2,100
831,Tonya,1,Nastya@gmail.com,4,4,365
832,Petro,1,Olya@gmail.com,4,4,200
833,Nastya,3,Nastya@gmail.com,2,4,423
834,Olya,1,Olya@gmail.com,2,3,100
835,Petro,1,Tonya@gmail.com,2,2,200
836,Petro,3,Igor@gmail.com,3,1,100
837,Petro,3,Tonya@gmail.com,3,2,200
838,Olya,1,Olya@gmail.com,1,2,100
839,Olya,1,Tonya@gmail.com,2,3,100
840,Olya,1,Olya@gmail.com,1,4,200
841,Tonya,2,Vasya@ukr.com,2,2,100
842,Nastya,3,Nastya@gmail.com,3,2,100
843,Vasya,1,Igor@gmail.com,2,1,200
844,Olya,1,Tonya@gmail.com,1,4,365
845,Vasya,1,Nastya@gmail.com,3,3,100
846,Vasya,3,Olya@gmail.com,3,2,100
847,Nastya,2,Olya@gmail.com,1,3,200
848,Igor,3,Nastya@gmail.com,2,2,423
849,Olya,3,Vasya@ukr.com,2,4,200
850,Tonya,2,Tonya@gmail.com,3,4,365
851,Nastya,1,Igor@gmail.com,2,4,423
852,Petro,1,Olya@gmail.com,2,2,100
853,Petro,2,Igor@gmail.com,2,4,100
854,Tonya,1,Vasya@ukr.com,1,2,423
855,Olya,1,Igor@gmail.com,3,1,423
856,Tonya,1,Igor@gmail.com,3,3,423
857,Nastya,2,Vasya@ukr.com,2,3,200
858,Tonya,1,Vasya@ukr.com,1,4,423
859,Petro,2,Olya@gmail.com,4,4,200
860,Tonya,2,Tonya@gmail.com,1,4,365
861,Igor,1,Tonya@gmail.com,3,4,423
862,Olya,2,Tonya@gmail.com,2,4,423
863,Petro,1,Olya@gmail.com,4,4,365
864,Igor,2,Vasya@ukr.com,4,2,200
865,Tonya,3,Igor@gmail.com,1,2,100
866,Vasya,2,Vasya@ukr.com,1,3,100
867,Igor,2,Igor@gmail.com,1,1,423
868,Tonya,1,Tonya@gmail.com,1,2,200
869,Tonya,2,Igor@gmail.com,2,1,423
870,Igor,2,Nastya@gmail.com,3,1,100
871,Nastya,1,Tonya@gmail.com,4,2,100
872,Petro,2,Igor@gmail.com,1,4,200
873,Olya,3,Igor@gmail.com,1,3,365
874,Petro,2,Nastya@gmail.com,4,1,423
875,Nastya,1,Igor@gmail.com,1,1,423
876,Petro,2,Nastya@gmail.com,1,4,100
877,Olya,1,Vasya@ukr.com,1,4,200
878,Nastya,2,Olya@gmail.com,3,4,365
879,Igor,1,Igor@gmail.com,2,2,200
880,Tonya,1,Tonya@gmail.com,3,1,423
881,Vasya,1,Nastya@gmail.com,1,3,200
882,Petro,2,Igor@gmail.com,4,3,100
883,Vasya,1,Tonya@gmail.com,3,4,365
884,Petro,1,Vasya@ukr.com,2,1,100
885,Nastya,3,Tonya@gmail.com,3,4,365
886,Tonya,1,Vasya@ukr.com,1,3,200
887,Olya,2,Vasya@ukr.com,3,3,100
888,Nastya,2,Tonya@gmail.com,1,4,100
889,Vasya,2,Igor@gmail.com,3,2,100
890,Igor,1,Igor@gmail.com,4,4,100
891,Petro,1,Olya@gmail.com,3,1,365
892,Vasya,1,Igor@gmail.com,4,2,423
893,Petro,2,Igor@gmail.com,3,3,365
894,Nastya,1,Olya@gmail.com,1,2,100
895,Vasya,1,Igor@gmail.com,2,2,200
896,Vasya,2,Vasya@ukr.com,3,1,200
897,Olya,3,Vasya@ukr.com,3,1,200
898,Tonya,3,Igor@gmail.com,3,4,365
899,Igor,2,Tonya@gmail.com,4,4,200
900,Nastya,3,Olya@gmail.com,1,2,100
901,Nastya,3,Igor@gmail.com,4,2,423
902,Olya,2,Vasya@ukr.com,1,2,200
903,Vasya,2,Olya@gmail.com,4,3,423
904,Tonya,1,Nastya@gmail.com,4,3,200
905,Olya,2,Nastya@gmail.com,4,3,365
906,Petro,1,Olya@gmail.com,2,1,100
907,Petro,2,Tonya@gmail.com,2,1,365
908,Olya,3,Vasya@ukr.com,2,1,365
909,Olya,2,Tonya@gmail.com,4,4,365
910,Nastya,1,Igor@gmail.com,1,4,365
911,Igor,1,Vasya@ukr.com,2,3,423
912,Petro,1,Nastya@gmail.com,1,2,200
913,Olya,1,Nastya@gmail.com,4,4,423
914,Igor,2,Igor@gmail.com,2,2,365
915,Olya,3,Igor@gmail.com,3,4,365
916,Nastya,2,Olya@gmail.com,3,4,423
917,Olya,3,Olya@gmail.com,2,2,100
918,Tonya,1,Vasya@ukr.com,1,4,423
919,Tonya,1,Vasya@ukr.com,2,3,100
920,Olya,3,Olya@gmail.com,4,2,365
921,Olya,2,Igor@gmail.com,2,2,365
922,Petro,2,Olya@gmail.com,2,1,100
923,Vasya,1,Nastya@gmail.com,4,1,200
924,Petro,3,Igor@gmail.com,3,1,200
925,Petro,1,Olya@gmail.com,3,3,365
926,Vasya,1,Vasya@ukr.com,2,2,365
927,Tonya,3,Vasya@ukr.com,3,3,200
928,Nastya,3,Igor@gmail.com,2,1,423
929,Vasya,1,Igor@gmail.com,1,1,423
930,Olya,3,Olya@gmail.com,4,4,100
931,Olya,2,Igor@gmail.com,4,4,100
932,Nastya,1,Nastya@gmail.com,3,1,365
933,Vasya,2,Vasya@ukr.com,1,1,423
934,Nastya,2,Nastya@gmail.com,3,4,423
935,Nastya,3,Igor@gmail.com,3,1,365
936,Igor,2,Tonya@gmail.com,3,1,100
937,Vasya,2,Nastya@gmail.com,3,2,365
938,Igor,3,Igor@gmail.com,3,2,365
939,Tonya,3,Igor@gmail.com,2,4,365
940,Nastya,1,Nastya@gmail.com,1,2,100
941,Tonya,1,Igor@gmail.com,2,3,365
942,Tonya,1,Tonya@gmail.com,3,3,365
943,Vasya,3,Nastya@gmail.com,2,3,423
944,Nastya,1,Vasya@ukr.com,2,3,200
945,Nastya,2,Nastya@gmail.com,4,2,423
946,Petro,2,Vasya@ukr.com,2,3,200
947,Vasya,3,Tonya@gmail.com,3,3,100
948,Tonya,3,Tonya@gmail.com,4,4,423
949,Nastya,2,Tonya@gmail.com,4,3,200
950,Petro,2,Olya@gmail.com,2,1,200
951,Olya,3,Olya@gmail.com,3,2,365
952,Nastya,1,Vasya@ukr.com,2,2,200
953,Olya,3,Igor@gmail.com,2,2,423
954,Olya,1,Tonya@gmail.com,3,4,365
955,Olya,1,Nastya@gmail.com,2,1,423
956,Petro,3,Vasya@ukr.com,1,1,200
957,Igor,3,Vasya@ukr.com,1,1,100
958,Olya,2,Nastya@gmail.com,1,1,200
959,Vasya,2,Vasya@ukr.com,2,3,200
960,Petro,2,Olya@gmail.com,2,2,200
961,Tonya,2,Tonya@gmail.com,1,1,100
962,Tonya,3,Vasya@ukr.com,1,1,365
963,Nastya,1,Nastya@gmail.com,3,2,100
964,Tonya,1,Nastya@gmail.com,1,2,100
965,Petro,2,Vasya@ukr.com,4,4,100
966,Nastya,1,Igor@gmail.com,2,3,200
967,Petro,3,Tonya@gmail.com,2,1,200
968,Petro,3,Tonya@gmail.com,3,3,200
969,Tonya,3,Vasya@ukr.com,3,1,423
970,Vasya,1,Vasya@ukr.com,3,2,200
971,Vasya,2,Igor@gmail.com,3,2,365
972,Petro,3,Igor@gmail.com,4,1,200
973,Olya,3,Tonya@gmail.com,2,4,423
974,Tonya,3,Igor@gmail.com,4,4,100
975,Tonya,1,Tonya@gmail.com,4,4,365
976,Olya,1,Igor@gmail.com,2,2,100
977,Nastya,2,Nastya@gmail.com,1,2,200
978,Vasya,1,Olya@gmail.com,4,2,200
979,Petro,3,Nastya@gmail.com,3,3,423
980,Nastya,1,Vasya@ukr.com,1,3,200
981,Tonya,1,Vasya@ukr.com,1,3,200
982,Olya,1,Vasya@ukr.com,3,3,200
983,Igor,2,Vasya@ukr.com,3,3,100
984,Igor,1,Olya@gmail.com,3,4,100
985,Vasya,3,Igor@gmail.com,2,1,200
986,Petro,2,Olya@gmail.com,2,1,200
987,Tonya,3,Tonya@gmail.com,2,3,200
988,Vasya,1,Igor@gmail.com,3,1,200
989,Vasya,2,Vasya@ukr.com,1,4,200
990,Petro,2,Tonya@gmail.com,3,3,423
991,Vasya,2,Igor@gmail.com,4,2,200
992,Vasya,1,Nastya@gmail.com,4,2,365
993,Tonya,3,Tonya@gmail.com,1,2,200
994,Tonya,3,Vasya@ukr.com,4,2,200
995,Petro,3,Igor@gmail.com,1,4,365
996,Tonya,1,Nastya@gmail.com,1,4,365
997,Petro,1,Vasya@ukr.com,1,3,100
998,Tonya,2,Igor@gmail.com,4,1,100
999,Nastya,2,Nastya@gmail.com,3,4,100
1000,Tonya,1,Olya@gmail.com,2,4,200
1001,Tonya,2,Olya@gmail.com,3,2,423
1002,Tonya,1,Vasya@ukr.com,4,3,100
1003,Vasya,3,Tonya@gmail.com,1,2,423
1004,Nastya,1,Igor@gmail.com,4,2,365
1005,Nastya,3,Olya@gmail.com,1,2,100
1006,Igor,3,Nastya@gmail.com,2,2,100
1007,Petro,1,Igor@gmail.com,3,2,100
1008,Olya,3,Vasya@ukr.com,4,3,365
1009,Tonya,3,Vasya@ukr.com,1,3,100
1010,Olya,1,Igor@gmail.com,1,2,200
1011,Nastya,3,Nastya@gmail.com,4,4,365
1012,Nastya,3,Vasya@ukr.com,2,3,423
1013,Vasya,3,Nastya@gmail.com,4,4,365
1014,Nastya,3,Vasya@ukr.com,1,3,100
1015,Vasya,3,Nastya@gmail.com,4,1,200
1016,Tonya,2,Olya@gmail.com,4,2,423
1017,Olya,1,Vasya@ukr.com,4,1,423
1018,Petro,1,Olya@gmail.com,3,3,365
1019,Igor,1,Vasya@ukr.com,3,2,200
1020,Petro,1,Tonya@gmail.com,2,4,100
1021,Tonya,3,Olya@gmail.com,3,3,200
1022,Olya,2,Igor@gmail.com,1,2,365
1023,Igor,1,Tonya@gmail.com,3,2,365
1024,Vasya,2,Olya@gmail.com,1,2,200
1025,Vasya,3,Nastya@gmail.com,4,1,365
1026,Petro,2,Tonya@gmail.com,2,3,100
1027,Nastya,1,Tonya@gmail.com,3,3,365
1028,Petro,3,Nastya@gmail.com,3,4,100
1029,Olya,3,Igor@gmail.com,3,4,423
1030,Petro,2,Olya@gmail.com,1,2,423
1031,Petro,1,Tonya@gmail.com,4,4,423
1032,Nastya,2,Olya@gmail.com,1,1,423
1033,Vasya,2,Nastya@gmail.com,3,4,200
1034,Nastya,1,Igor@gmail.com,1,2,365
1035,Olya,3,Tonya@gmail.com,4,3,423
1036,Olya,1,Olya@gmail.com,4,4,200
1037,Olya,1,Igor@gmail.com,2,3,365
1038,Vasya,1,Olya@gmail.com,4,4,365
1039,Olya,1,Olya@gmail.com,2,2,200
1040,Vasya,2,Nastya@gmail.com,4,1,100
1041,Tonya,2,Tonya@gmail.com,4,1,200
1042,Petro,3,Nastya@gmail.com,1,3,200
1043,Petro,2,Vasya@ukr.com,1,4,423
1044,Petro,3,Tonya@gmail.com,1,2,365
1045,Petro,1,Igor@gmail.com,4,3,100
1046,Tonya,1,Olya@gmail.com,2,4,423
1047,Olya,1,Igor@gmail.com,2,3,365
1048,Nastya,1,Olya@gmail.com,2,2,100
1049,Petro,1,Tonya@gmail.com,1,1,423
1050,Tonya,3,Vasya@ukr.com,4,4,100
1051,Olya,3,Vasya@ukr.com,3,4,365
1052,Tonya,3,Vasya@ukr.com,2,3,100
1053,Olya,3,Vasya@ukr.com,3,1,423
1054,Olya,2,Tonya@gmail.com,1,2,100
1055,Igor,2,Nastya@gmail.com,1,2,200
1056,Igor,1,Vasya@ukr.com,1,2,200
1057,Petro,3,Vasya@ukr.com,3,1,200
1058,Vasya,1,Tonya@gmail.com,4,2,200
1059,Vasya,3,Igor@gmail.com,3,3,200
1060,Vasya,2,Nastya@gmail.com,4,3,423
1061,Igor,2,Vasya@ukr.com,2,3,365
1062,Tonya,3,Olya@gmail.com,1,2,365
1063,Olya,2,Tonya@gmail.com,3,3,200
1064,Tonya,3,Tonya@gmail.com,2,1,100
1065,Petro,2,Tonya@gmail.com,4,1,200
1066,Igor,2,Vasya@ukr.com,2,3,365
1067,Petro,1,Nastya@gmail.com,4,4,100
1068,Petro,3,Nastya@gmail.com,4,2,200
1069,Nastya,3,Igor@gmail.com,4,1,423
1070,Igor,3,Nastya@gmail.com,1,1,365
1071,Tonya,2,Vasya@ukr.com,4,1,365
1072,Tonya,2,Olya@gmail.com,4,3,423
1073,Igor,3,Olya@gmail.com,3,1,100
1074,Nastya,2,Vasya@ukr.com,1,4,100
1075,Petro,3,Igor@gmail.com,4,3,423
1076,Vasya,3,Igor@gmail.com,2,1,423
1077,Tonya,1,Tonya@gmail.com,3,2,365
1078,Vasya,1,Olya@gmail.com,3,1,423
1079,Nastya,3,Nastya@gmail.com,4,3,365
1080,Olya,2,Tonya@gmail.com,2,2,200
1081,Vasya,1,Igor@gmail.com,4,4,423
1082,Petro,3,Olya@gmail.com,4,3,365
1083,Petro,2,Tonya@gmail.com,1,4,423
1084,Tonya,3,Igor@gmail.com,1,1,365
1085,Tonya,2,Tonya@gmail.com,1,1,423
1086,Petro,3,Igor@gmail.com,1,4,100
1087,Petro,3,Nastya@gmail.com,3,3,365
1088,Igor,1,Tonya@gmail.com,1,1,365
1089,Igor,3,Vasya@ukr.com,3,3,365
1090,Vasya,2,Igor@gmail.com,1,1,423
1091,Tonya,1,Igor@gmail.com,3,1,100
1092,Olya,1,Nastya@gmail.com,4,2,200
1093,Igor,3,Vasya@ukr.com,1,3,100
1094,Igor,3,Olya@gmail.com,2,2,100
1095,Olya,2,Tonya@gmail.com,2,4,200
1096,Igor,1,Nastya@gmail.com,4,2,200
1097,Olya,2,Igor@gmail.com,4,3,100
1098,Vasya,1,Tonya@gmail.com,2,1,365
1099,Olya,1,Olya@gmail.com,1,1,423
1100,Petro,3,Olya@gmail.com,1,3,100
1101,Tonya,3,Vasya@ukr.com,1,3,100
1102,Vasya,1,Vasya@ukr.com,1,2,365
1103,Vasya,3,Igor@gmail.com,1,2,100
1104,Igor,3,Nastya@gmail.com,1,1,365
1105,Igor,3,Vasya@ukr.com,3,4,365
1106,Olya,3,Igor@gmail.com,2,3,200
1107,Igor,1,Tonya@gmail.com,1,3,100
1108,Vasya,1,Tonya@gmail.com,3,1,423
1109,Petro,2,Tonya@gmail.com,3,2,100
1110,Olya,1,Igor@gmail.com,1,2,200
1111,Igor,3,Nastya@gmail.com,4,2,100
1112,Vasya,2,Vasya@ukr.com,4,1,423
1113,Olya,3,Vasya@ukr.com,3,4,365
1114,Vasya,1,Tonya@gmail.com,3,2,100
1115,Petro,1,Olya@gmail.com,1,3,423
1116,Vasya,3,Tonya@gmail.com,3,4,200
1117,Vasya,3,Igor@gmail.com,4,1,200
1118,Petro,2,Olya@gmail.com,4,4,100
1119,Igor,3,Nastya@gmail.com,4,2,100
1120,Igor,1,Nastya@gmail.com,1,2,423
1121,Tonya,1,Tonya@gmail.com,1,3,423
1122,Vasya,2,Vasya@ukr.com,4,4,423
1123,Olya,3,Tonya@gmail.com,3,2,100
1124,Vasya,1,Vasya@ukr.com,1,3,365
1125,Nastya,1,Nastya@gmail.com,3,3,100
1126,Tonya,2,Tonya@gmail.com,3,2,423
1127,Vasya,1,Olya@gmail.com,4,3,423
1128,Nastya,2,Tonya@gmail.com,4,2,365
1129,Igor,2,Vasya@ukr.com,3,2,200
1130,Olya,1,Olya@gmail.com,4,4,423
1131,Olya,3,Tonya@gmail.com,2,1,365
1132,Petro,1,Vasya@ukr.com,1,2,100
1133,Nastya,2,Tonya@gmail.com,1,3,200
1134,Tonya,1,Igor@gmail.com,3,3,365
1135,Vasya,1,Nastya@gmail.com,1,1,423
1136,Nastya,3,Nastya@gmail.com,3,3,100
1137,Vasya,1,Nastya@gmail.com,2,2,365
1138,Vasya,3,Vasya@ukr.com,2,2,100
1139,Petro,3,Olya@gmail.com,2,1,100
1140,Olya,2,Vasya@ukr.com,1,1,365
1141,Olya,3,Vasya@ukr.com,3,2,365
1142,Igor,1,Tonya@gmail.com,3,1,200
1143,Tonya,1,Vasya@ukr.com,4,2,423
1144,Vasya,2,Vasya@ukr.com,1,2,200
1145,Nastya,1,Tonya@gmail.com,3,1,423
1146,Olya,1,Olya@gmail.com,3,3,200
1147,Vasya,3,Igor@gmail.com,3,4,200
1148,Petro,1,Olya@gmail.com,3,1,200
1149,Petro,1,Tonya@gmail.com,3,2,100
1150,Petro,2,Tonya@gmail.com,3,2,200
1151,Petro,3,Igor@gmail.com,3,4,100
1152,Olya,1,Olya@gmail.com,4,2,200
1153,Nastya,2,Nastya@gmail.com,3,1,100
1154,Tonya,1,Olya@gmail.com,4,3,365
1155,Vasya,3,Igor@gmail.com,1,1,100
1156,Igor,3,Tonya@gmail.com,2,1,100
1157,Petro,1,Igor@gmail.com,4,1,200
1158,Vasya,3,Olya@gmail.com,4,4,100
1159,Vasya,3,Vasya@ukr.com,4,1,200
1160,Vasya,2,Tonya@gmail.com,1,4,365
1161,Igor,2,Tonya@gmail.com,2,2,200
1162,Tonya,3,Nastya@gmail.com,1,3,100
1163,Vasya,1,Tonya@gmail.com,3,2,365
1164,Olya,2,Tonya@gmail.com,2,3,365
1165,Igor,2,Tonya@gmail.com,1,2,365
1166,Vasya,3,Igor@gmail.com,1,1,423
1167,Nastya,1,Nastya@gmail.com,1,1,200
1168,Olya,1,Nastya@gmail.com,4,1,200
1169,Tonya,3,Nastya@gmail.com,3,3,365
1170,Igor,1,Igor@gmail.com,3,4,423
1171,Igor,2,Olya@gmail.com,2,2,365
1172,Igor,2,Tonya@gmail.com,2,1,100
1173,Nastya,1,Olya@gmail.com,1,4,200
1174,Petro,3,Igor@gmail.com,1,1,423
1175,Nastya,2,Nastya@gmail.com,2,1,365
1176,Igor,1,Tonya@gmail.com,1,2,423
1177,Petro,3,Tonya@gmail.com,3,4,200
1178,Nastya,2,Nastya@gmail.com,2,1,365
1179,Nastya,2,Olya@gmail.com,3,2,365
1180,Olya,2,Tonya@gmail.com,3,4,365
1181,Olya,2,Nastya@gmail.com,3,4,365
1182,Vasya,2,Olya@gmail.com,1,2,200
1183,Tonya,2,Igor@gmail.com,1,4,100
1184,Tonya,1,Olya@gmail.com,4,1,100
1185,Vasya,1,Igor@gmail.com,1,2,365
1186,Vasya,1,Olya@gmail.com,2,3,423
1187,Vasya,3,Nastya@gmail.com,3,2,365
1188,Nastya,3,Olya@gmail.com,1,3,365
1189,Nastya,1,Tonya@gmail.com,4,4,200
1190,Igor,3,Tonya@gmail.com,3,1,200
1191,Nastya,3,Tonya@gmail.com,4,3,100
1192,Nastya,3,Olya@gmail.com,3,1,365
1193,Tonya,1,Vasya@ukr.com,3,4,423
1194,Tonya,3,Nastya@gmail.com,1,4,200
1195,Nastya,1,Nastya@gmail.com,2,4,100
1196,Igor,3,Nastya@gmail.com,4,3,200
1197,Igor,1,Tonya@gmail.com,4,1,200
1198,Petro,2,Vasya@ukr.com,2,2,200
1199,Igor,2,Vasya@ukr.com,1,4,100
1200,Igor,1,Vasya@ukr.com,1,2,100
1201,Petro,1,Tonya@gmail.com,4,2,200
1202,Petro,2,Vasya@ukr.com,1,4,100
1203,Tonya,3,Olya@gmail.com,1,1,423
1204,Vasya,1,Nastya@gmail.com,2,4,100
1205,Tonya,1,Nastya@gmail.com,2,1,365
1206,Igor,1,Nastya@gmail.com,4,1,365
1207,Vasya,3,Nastya@gmail.com,1,2,100
1208,Olya,2,Olya@gmail.com,1,2,365
1209,Nastya,3,Olya@gmail.com,4,1,200
1210,Nastya,1,Vasya@ukr.com,2,4,200
1211,Igor,2,Tonya@gmail.com,3,2,200
1212,Igor,3,Tonya@gmail.com,4,1,423
1213,Olya,1,Igor@gmail.com,3,3,100
1214,Igor,1,Tonya@gmail.com,3,3,200
1215,Olya,1,Nastya@gmail.com,1,4,200
1216,Petro,2,Nastya@gmail.com,3,3,423
1217,Nastya,1,Nastya@gmail.com,3,4,423
1218,Petro,1,Nastya@gmail.com,3,1,365
1219,Igor,2,Vasya@ukr.com,3,4,200
1220,Vasya,2,Olya@gmail.com,3,1,200
1221,Vasya,1,Igor@gmail.com,1,2,365
1222,Petro,3,Nastya@gmail.com,4,3,100
1223,Nastya,1,Igor@gmail.com,2,1,200
1224,Vasya,3,Olya@gmail.com,4,1,365
1225,Nastya,3,Olya@gmail.com,1,4,423
1226,Nastya,3,Nastya@gmail.com,1,4,365
1227,Vasya,1,Tonya@gmail.com,2,4,365
1228,Olya,1,Tonya@gmail.com,4,2,200
1229,Nastya,3,Tonya@gmail.com,4,4,365
1230,Nastya,2,Tonya@gmail.com,2,3,200
1231,Vasya,1,Nastya@gmail.com,4,2,365
1232,Igor,1,Olya@gmail.com,3,2,100
1233,Nastya,2,Tonya@gmail.com,2,3,423
1234,Tonya,2,Tonya@gmail.com,2,2,100
1235,Olya,2,Nastya@gmail.com,3,4,365
1236,Nastya,1,Igor@gmail.com,1,2,100
1237,Tonya,1,Tonya@gmail.com,3,1,365
1238,Igor,3,Tonya@gmail.com,2,3,100
1239,Olya,1,Igor@gmail.com,2,3,365
1240,Tonya,3,Tonya@gmail.com,2,3,365
1241,Vasya,2,Igor@gmail.com,4,2,423
1242,Petro,2,Nastya@gmail.com,4,1,365
1243,Igor,2,Igor@gmail.com,2,4,423
1244,Nastya,1,Nastya@gmail.com,3,2,100
1245,Vasya,2,Igor@gmail.com,4,4,100
1246,Tonya,3,Tonya@gmail.com,2,2,200
1247,Petro,1,Olya@gmail.com,1,2,365
1248,Tonya,3,Tonya@gmail.com,3,3,100
1249,Nastya,1,Tonya@gmail.com,4,1,365
1250,Vasya,2,Tonya@gmail.com,4,3,365
1251,Petro,3,Tonya@gmail.com,2,1,423
1252,Nastya,1,Olya@gmail.com,1,3,100
1253,Igor,1,Igor@gmail.com,2,1,100
1254,Tonya,2,Vasya@ukr.com,3,3,423
1255,Nastya,3,Vasya@ukr.com,1,4,423
1256,Olya,1,Igor@gmail.com,2,3,423
1257,Igor,2,Nastya@gmail.com,1,3,100
1258,Igor,1,Nastya@gmail.com,1,1,423
1259,Olya,3,Nastya@gmail.com,1,1,365
1260,Petro,3,Igor@gmail.com,1,2,200
1261,Petro,2,Olya@gmail.com,2,4,423
1262,Tonya,1,Nastya@gmail.com,4,4,200
1263,Vasya,3,Igor@gmail.com,3,4,423
1264,Petro,3,Vasya@ukr.com,1,2,200
1265,Tonya,1,Igor@gmail.com,2,1,365
1266,Olya,1,Igor@gmail.com,2,3,365
1267,Nastya,2,Tonya@gmail.com,2,1,100
1268,Petro,3,Vasya@ukr.com,2,1,365
1269,Tonya,3,Vasya@ukr.com,1,4,423
1270,Nastya,2,Olya@gmail.com,3,2,423
1271,Petro,3,Tonya@gmail.com,3,3,200
1272,Olya,1,Vasya@ukr.com,4,3,365
1273,Tonya,3,Igor@gmail.com,1,4,200
1274,Nastya,2,Nastya@gmail.com,2,2,200
1275,Igor,1,Tonya@gmail.com,4,2,365
1276,Nastya,1,Olya@gmail.com,3,2,365
1277,Vasya,1,Igor@gmail.com,2,2,365
1278,Igor,1,Igor@gmail.com,3,2,423
1279,Nastya,2,Olya@gmail.com,1,2,423
1280,Olya,1,Nastya@gmail.com,2,1,423
1281,Nastya,3,Nastya@gmail.com,4,4,365
1282,Vasya,2,Igor@gmail.com,3,4,100
1283,Olya,3,Igor@gmail.com,2,3,423
1284,Vasya,2,Igor@gmail.com,1,1,365
1285,Vasya,3,Olya@gmail.com,3,1,365
1286,Igor,1,Nastya@gmail.com,4,2,100
1287,Igor,2,Tonya@gmail.com,2,4,423
1288,Igor,1,Olya@gmail.com,3,4,423
1289,Tonya,2,Nastya@gmail.com,4,4,200
1290,Olya,1,Nastya@gmail.com,2,3,100
1291,Olya,3,Olya@gmail.com,4,3,100
1292,Tonya,3,Tonya@gmail.com,3,2,200
1293,Vasya,2,Vasya@ukr.com,2,3,200
1294,Vasya,1,Nastya@gmail.com,2,4,365
1295,Vasya,2,Vasya@ukr.com,3,4,365
1296,Vasya,3,Olya@gmail.com,2,2,100
1297,Igor,3,Nastya@gmail.com,2,4,365
1298,Igor,3,Tonya@gmail.com,2,4,423
1299,Olya,3,Tonya@gmail.com,4,2,365
1300,Petro,3,Tonya@gmail.com,3,1,100
1301,Petro,3,Olya@gmail.com,3,4,200
1302,Olya,1,Igor@gmail.com,1,3,100
1303,Olya,3,Nastya@gmail.com,1,1,200
1304,Tonya,1,Olya@gmail.com,2,1,100
1305,Igor,2,Olya@gmail.com,3,2,365
1306,Olya,2,Igor@gmail.com,3,1,200
1307,Petro,3,Nastya@gmail.com,2,1,365
1308,Petro,2,Nastya@gmail.com,2,2,100
1309,Nastya,1,Vasya@ukr.com,4,4,365
1310,Igor,2,Tonya@gmail.com,3,4,100
1311,Vasya,1,Olya@gmail.com,2,3,423
1312,Olya,1,Igor@gmail.com,1,1,100
1313,Nastya,3,Vasya@ukr.com,4,4,365
1314,Vasya,2,Nastya@gmail.com,4,4,365
1315,Vasya,1,Tonya@gmail.com,2,1,365
1316,Olya,2,Igor@gmail.com,1,3,423
1317,Vasya,3,Olya@gmail.com,4,4,423
1318,Vasya,3,Igor@gmail.com,1,4,423
1319,Igor,1,Vasya@ukr.com,4,2,200
1320,Vasya,2,Nastya@gmail.com,3,2,200
1321,Igor,2,Vasya@ukr.com,3,2,100
1322,Vasya,2,Vasya@ukr.com,4,1,365
1323,Nastya,2,Tonya@gmail.com,3,4,100
1324,Petro,3,Olya@gmail.com,4,4,100
1325,Olya,1,Vasya@ukr.com,4,4,200
1326,Tonya,2,Tonya@gmail.com,3,4,365
1327,Tonya,2,Olya@gmail.com,3,4,200
1328,Olya,2,Tonya@gmail.com,2,2,100
1329,Tonya,1,Vasya@ukr.com,2,2,423
1330,Tonya,3,Tonya@gmail.com,3,2,423
1331,Vasya,2,Olya@gmail.com,2,3,100
1332,Olya,1,Vasya@ukr.com,3,4,100
1333,Petro,1,Vasya@ukr.com,2,2,365
1334,Nastya,3,Tonya@gmail.com,2,4,365
1335,Olya,2,Nastya@gmail.com,4,2,423
1336,Nastya,2,Igor@gmail.com,3,3,365
1337,Igor,3,Vasya@ukr.com,2,4,100
1338,Igor,2,Vasya@ukr.com,3,1,365
1339,Vasya,2,Igor@gmail.com,4,3,200
1340,Tonya,3,Vasya@ukr.com,3,1,365
1341,Tonya,2,Tonya@gmail.com,1,1,365
1342,Nastya,1,Tonya@gmail.com,2,2,200
1343,Igor,1,Nastya@gmail.com,1,4,100
1344,Petro,2,Nastya@gmail.com,4,4,200
1345,Nastya,3,Olya@gmail.com,2,1,365
1346,Nastya,3,Igor@gmail.com,2,3,200
1347,Petro,3,Nastya@gmail.com,1,2,423
1348,Nastya,2,Olya@gmail.com,4,2,100
1349,Olya,2,Igor@gmail.com,3,4,100
1350,Vasya,3,Nastya@gmail.com,3,4,423
1351,Vasya,3,Tonya@gmail.com,1,3,200
1352,Tonya,1,Nastya@gmail.com,2,4,423
1353,Vasya,1,Tonya@gmail.com,1,3,200
1354,Vasya,2,Tonya@gmail.com,2,2,100
1355,Tonya,2,Igor@gmail.com,1,4,423
1356,Petro,2,Igor@gmail.com,2,4,423
1357,Vasya,1,Tonya@gmail.com,1,2,365
1358,Igor,3,Igor@gmail.com,4,3,200
1359,Petro,3,Olya@gmail.com,2,1,423
1360,Vasya,2,Tonya@gmail.com,2,2,200
1361,Olya,1,Vasya@ukr.com,1,4,423
1362,Petro,2,Tonya@gmail.com,4,2,200
1363,Igor,2,Igor@gmail.com,1,1,200
1364,Nastya,1,Nastya@gmail.com,3,3,365
1365,Igor,3,Tonya@gmail.com,2,2,200
1366,Igor,3,Tonya@gmail.com,1,4,423
1367,Olya,3,Tonya@gmail.com,3,4,423
1368,Olya,3,Tonya@gmail.com,3,2,200
1369,Petro,1,Nastya@gmail.com,1,1,100
1370,Nastya,3,Vasya@ukr.com,4,1,365
1371,Tonya,1,Tonya@gmail.com,4,2,365
1372,Vasya,3,Igor@gmail.com,3,4,200
1373,Tonya,1,Nastya@gmail.com,4,3,100
1374,Olya,3,Olya@gmail.com,1,2,423
1375,Igor,3,Olya@gmail.com,1,4,200
1376,Vasya,1,Nastya@gmail.com,4,1,100
1377,Tonya,2,Vasya@ukr.com,2,2,200
1378,Petro,2,Vasya@ukr.com,3,3,200
1379,Petro,2,Nastya@gmail.com,1,4,365
1380,Vasya,1,Igor@gmail.com,1,4,423
1381,Petro,2,Nastya@gmail.com,2,3,100
1382,Vasya,2,Vasya@ukr.com,4,3,100
1383,Vasya,1,Nastya@gmail.com,2,2,100
1384,Igor,2,Tonya@gmail.com,4,2,100
1385,Olya,3,Vasya@ukr.com,2,2,423
1386,Igor,2,Igor@gmail.com,2,3,100
1387,Petro,3,Olya@gmail.com,2,4,200
1388,Olya,3,Tonya@gmail.com,2,3,365
1389,Vasya,1,Igor@gmail.com,3,1,365
1390,Igor,3,Tonya@gmail.com,2,4,365
1391,Tonya,3,Vasya@ukr.com,2,1,423
1392,Tonya,1,Tonya@gmail.com,1,3,100
1393,Olya,1,Vasya@ukr.com,1,2,200
1394,Tonya,3,Tonya@gmail.com,2,4,423
1395,Olya,2,Igor@gmail.com,2,4,200
1396,Olya,1,Nastya@gmail.com,3,3,365
1397,Petro,1,Nastya@gmail.com,4,2,100
1398,Nastya,1,Olya@gmail.com,3,3,100
1399,Vasya,1,Tonya@gmail.com,2,2,423
1400,Igor,3,Olya@gmail.com,2,1,100
1401,Olya,2,Igor@gmail.com,1,3,365
1402,Petro,3,Tonya@gmail.com,3,4,365
1403,Nastya,1,Nastya@gmail.com,1,1,200
1404,Igor,3,Olya@gmail.com,1,4,365
1405,Olya,1,Nastya@gmail.com,3,2,423
1406,Nastya,3,Olya@gmail.com,3,4,100
1407,Vasya,3,Nastya@gmail.com,1,2,365
1408,Tonya,2,Tonya@gmail.com,4,1,200
1409,Olya,2,Nastya@gmail.com,2,1,423
1410,Olya,3,Nastya@gmail.com,2,1,100
1411,Tonya,1,Tonya@gmail.com,1,4,100
1412,Petro,2,Olya@gmail.com,2,4,100
1413,Igor,2,Vasya@ukr.com,4,4,100
1414,Olya,3,Tonya@gmail.com,3,4,100
1415,Petro,3,Olya@gmail.com,2,2,100
1416,Igor,2,Nastya@gmail.com,2,2,200
1417,Olya,3,Igor@gmail.com,3,3,365
1418,Tonya,3,Igor@gmail.com,2,4,423
1419,Olya,1,Tonya@gmail.com,4,3,423
1420,Vasya,1,Nastya@gmail.com,1,2,200
1421,Tonya,1,Igor@gmail.com,4,4,423
1422,Olya,3,Tonya@gmail.com,4,2,365
1423,Olya,1,Tonya@gmail.com,1,2,200
1424,Nastya,3,Nastya@gmail.com,3,3,365
1425,Olya,3,Nastya@gmail.com,4,4,423
1426,Igor,2,Igor@gmail.com,1,2,200
1427,Vasya,3,Igor@gmail.com,1,2,100
1428,Petro,2,Vasya@ukr.com,1,2,365
1429,Nastya,2,Olya@gmail.com,3,4,100
1430,Petro,3,Nastya@gmail.com,4,1,365
1431,Tonya,1,Nastya@gmail.com,2,4,423
1432,Igor,2,Olya@gmail.com,3,1,200
1433,Petro,2,Vasya@ukr.com,3,3,365
1434,Tonya,1,Tonya@gmail.com,3,4,200
1435,Petro,2,Vasya@ukr.com,3,1,100
1436,Igor,1,Olya@gmail.com,3,4,100
1437,Vasya,2,Igor@gmail.com,4,3,200
1438,Igor,3,Olya@gmail.com,1,2,200
1439,Igor,3,Vasya@ukr.com,3,3,365
1440,Petro,3,Olya@gmail.com,1,3,365
1441,Tonya,2,Igor@gmail.com,2,2,365
1442,Vasya,3,Nastya@gmail.com,4,1,365
1443,Olya,3,Igor@gmail.com,1,3,100
1444,Vasya,3,Nastya@gmail.com,3,3,423
1445,Igor,3,Igor@gmail.com,4,2,100
1446,Olya,1,Vasya@ukr.com,4,1,200
1447,Nastya,3,Tonya@gmail.com,1,2,423
1448,Igor,1,Nastya@gmail.com,3,1,200
1449,Tonya,1,Vasya@ukr.com,3,1,200
1450,Petro,3,Vasya@ukr.com,4,1,423
1451,Nastya,1,Olya@gmail.com,4,2,423
1452,Olya,2,Tonya@gmail.com,3,3,100
1453,Igor,2,Igor@gmail.com,3,3,423
1454,Olya,1,Tonya@gmail.com,4,1,200
1455,Igor,1,Igor@gmail.com,2,3,100
1456,Tonya,1,Nastya@gmail.com,2,4,365
1457,Nastya,3,Olya@gmail.com,3,2,365
1458,Vasya,2,Tonya@gmail.com,1,1,365
1459,Olya,2,Igor@gmail.com,3,1,100
1460,Igor,3,Tonya@gmail.com,4,2,200
1461,Olya,3,Olya@gmail.com,3,1,200
1462,Vasya,3,Igor@gmail.com,2,2,423
1463,Tonya,3,Nastya@gmail.com,3,3,423
1464,Vasya,2,Igor@gmail.com,1,1,100
1465,Olya,2,Olya@gmail.com,4,1,423
1466,Petro,3,Tonya@gmail.com,4,2,200
1467,Olya,1,Olya@gmail.com,3,3,100
1468,Igor,1,Tonya@gmail.com,1,3,423
1469,Petro,2,Olya@gmail.com,1,4,423
1470,Nastya,1,Vasya@ukr.com,1,3,100
1471,Petro,1,Igor@gmail.com,4,1,200
1472,Igor,1,Nastya@gmail.com,4,4,100
1473,Vasya,1,Nastya@gmail.com,2,3,365
1474,Igor,1,Olya@gmail.com,2,2,365
1475,Petro,1,Tonya@gmail.com,2,3,200
1476,Olya,2,Tonya@gmail.com,1,2,365
1477,Vasya,3,Olya@gmail.com,1,4,100
1478,Vasya,3,Vasya@ukr.com,1,4,423
1479,Tonya,3,Igor@gmail.com,3,2,200
1480,Petro,2,Igor@gmail.com,3,4,423
1481,Nastya,2,Vasya@ukr.com,1,1,200
1482,Vasya,1,Nastya@gmail.com,4,2,100
1483,Petro,1,Tonya@gmail.com,4,1,200
1484,Tonya,3,Tonya@gmail.com,2,4,365
1485,Olya,1,Tonya@gmail.com,3,1,365
1486,Nastya,3,Vasya@ukr.com,4,3,423
1487,Tonya,1,Tonya@gmail.com,1,1,423
1488,Nastya,2,Tonya@gmail.com,1,2,423
1489,Vasya,1,Igor@gmail.com,2,4,423
1490,Nastya,1,Nastya@gmail.com,1,1,423
1491,Olya,2,Olya@gmail.com,4,3,100
1492,Vasya,2,Nastya@gmail.com,4,3,423
1493,Tonya,3,Nastya@gmail.com,2,2,100
1494,Petro,2,Igor@gmail.com,3,2,100
1495,Igor,1,Nastya@gmail.com,2,1,100
1496,Petro,2,Nastya@gmail.com,2,3,365
1497,Vasya,1,Nastya@gmail.com,2,2,365
1498,Olya,2,Igor@gmail.com,2,1,423
1499,Vasya,1,Tonya@gmail.com,1,3,200
1500,Igor,3,Igor@gmail.com,2,3,423
1501,Igor,2,Igor@gmail.com,1,3,200
1502,Petro,2,Tonya@gmail.com,4,1,200
1503,Igor,1,Igor@gmail.com,3,1,200
1504,Vasya,1,Olya@gmail.com,4,1,423
1505,Tonya,3,Vasya@ukr.com,3,2,100
1506,Igor,2,Vasya@ukr.com,2,1,365
1507,Tonya,1,Tonya@gmail.com,1,4,365
1508,Nastya,1,Olya@gmail.com,4,3,100
1509,Olya,2,Vasya@ukr.com,3,2,200
1510,Nastya,2,Tonya@gmail.com,2,2,365
1511,Olya,2,Olya@gmail.com,2,1,365
1512,Nastya,2,Nastya@gmail.com,1,1,200
1513,Igor,3,Vasya@ukr.com,1,1,423
1514,Vasya,3,Olya@gmail.com,1,2,423
1515,Igor,1,Vasya@ukr.com,1,1,365
1516,Vasya,2,Tonya@gmail.com,1,2,200
1517,Igor,1,Vasya@ukr.com,3,4,423
1518,Vasya,1,Olya@gmail.com,2,2,100
1519,Igor,3,Nastya@gmail.com,2,2,423
1520,Igor,2,Vasya@ukr.com,3,3,365
1521,Igor,2,Nastya@gmail.com,1,4,200
1522,Nastya,2,Tonya@gmail.com,4,2,200
1523,Petro,1,Nastya@gmail.com,3,2,423
1524,Olya,1,Igor@gmail.com,4,1,423
1525,Vasya,1,Igor@gmail.com,3,4,100
1526,Igor,2,Vasya@ukr.com,1,2,100
1527,Tonya,2,Nastya@gmail.com,2,4,423
1528,Igor,2,Nastya@gmail.com,4,2,100
1529,Petro,3,Olya@gmail.com,3,3,200
1530,Vasya,2,Igor@gmail.com,3,4,200
1531,Petro,2,Nastya@gmail.com,2,4,200
1532,Petro,1,Tonya@gmail.com,1,1,365
1533,Olya,2,Igor@gmail.com,2,1,200
1534,Igor,3,Igor@gmail.com,1,3,365
1535,Olya,1,Vasya@ukr.com,4,3,100
1536,Vasya,2,Igor@gmail.com,2,3,200
1537,Petro,3,Nastya@gmail.com,3,1,423
1538,Petro,1,Tonya@gmail.com,1,4,365
1539,Tonya,1,Tonya@gmail.com,4,1,100
1540,Olya,1,Vasya@ukr.com,2,4,100
1541,Nastya,1,Olya@gmail.com,1,3,423
1542,Olya,1,Igor@gmail.com,1,3,423
1543,Tonya,2,Vasya@ukr.com,1,4,365
1544,Vasya,2,Olya@gmail.com,3,2,365
1545,Petro,2,Olya@gmail.com,4,1,200
1546,Vasya,1,Olya@gmail.com,2,1,100
1547,Vasya,3,Olya@gmail.com,1,4,423
1548,Vasya,1,Nastya@gmail.com,2,1,200
1549,Nastya,1,Vasya@ukr.com,3,1,100
1550,Petro,1,Vasya@ukr.com,4,4,365
1551,Nastya,2,Tonya@gmail.com,2,2,100
1552,Igor,1,Tonya@gmail.com,1,2,100
1553,Tonya,1,Vasya@ukr.com,4,3,365
1554,Igor,2,Tonya@gmail.com,1,3,365
1555,Petro,3,Olya@gmail.com,1,3,423
1556,Vasya,1,Olya@gmail.com,4,2,423
1557,Olya,3,Igor@gmail.com,1,1,100
1558,Igor,2,Olya@gmail.com,3,4,423
1559,Vasya,1,Tonya@gmail.com,1,3,100
1560,Igor,1,Vasya@ukr.com,2,4,200
1561,Olya,1,Olya@gmail.com,2,1,100
1562,Tonya,1,Vasya@ukr.com,2,1,100
1563,Igor,1,Vasya@ukr.com,1,2,365
1564,Igor,1,Tonya@gmail.com,2,1,423
1565,Tonya,2,Tonya@gmail.com,2,1,423
1566,Petro,1,Olya@gmail.com,3,4,200
1567,Vasya,3,Vasya@ukr.com,4,4,365
1568,Tonya,3,Vasya@ukr.com,1,2,200
1569,Tonya,3,Tonya@gmail.com,4,3,423
1570,Vasya,2,Olya@gmail.com,1,4,200
1571,Petro,2,Igor@gmail.com,4,4,423
1572,Petro,1,Tonya@gmail.com,2,2,200
1573,Igor,1,Tonya@gmail.com,4,4,423
1574,Nastya,3,Nastya@gmail.com,4,4,100
1575,Igor,2,Igor@gmail.com,2,3,423
1576,Petro,1,Olya@gmail.com,3,4,365
1577,Nastya,1,Nastya@gmail.com,2,3,365
1578,Petro,2,Nastya@gmail.com,3,1,365
1579,Tonya,3,Igor@gmail.com,2,2,423
1580,Tonya,3,Igor@gmail.com,4,4,200
1581,Nastya,2,Olya@gmail.com,3,3,100
1582,Vasya,3,Tonya@gmail.com,1,1,365
1583,Tonya,2,Nastya@gmail.com,3,3,100
1584,Tonya,1,Igor@gmail.com,4,1,365
1585,Petro,2,Igor@gmail.com,1,3,365
1586,Petro,3,Tonya@gmail.com,1,2,200
1587,Nastya,3,Vasya@ukr.com,4,1,100
1588,Nastya,2,Nastya@gmail.com,1,3,423
1589,Petro,3,Tonya@gmail.com,2,2,200
1590,Nastya,1,Igor@gmail.com,4,2,200
1591,Petro,2,Vasya@ukr.com,3,1,365
1592,Tonya,1,Vasya@ukr.com,1,3,365
1593,Tonya,1,Olya@gmail.com,1,3,423
1594,Nastya,2,Nastya@gmail.com,1,3,365
1595,Petro,1,Vasya@ukr.com,1,2,100
1596,Nastya,3,Tonya@gmail.com,1,2,100
1597,Vasya,1,Olya@gmail.com,3,3,423
1598,Petro,2,Igor@gmail.com,2,2,200
1599,Vasya,3,Vasya@ukr.com,1,3,365
1600,Nastya,1,Nastya@gmail.com,2,1,423
1601,Tonya,3,Nastya@gmail.com,1,1,365
1602,Olya,3,Igor@gmail.com,1,3,423
1603,Olya,2,Tonya@gmail.com,4,3,200
1604,Vasya,2,Tonya@gmail.com,1,4,200
1605,Petro,1,Olya@gmail.com,2,1,200
1606,Tonya,3,Nastya@gmail.com,2,3,200
1607,Vasya,3,Vasya@ukr.com,1,2,100
1608,Nastya,3,Nastya@gmail.com,1,1,423
1609,Olya,1,Tonya@gmail.com,1,2,423
1610,Igor,3,Olya@gmail.com,1,3,365
1611,Petro,1,Vasya@ukr.com,3,2,200
1612,Nastya,1,Igor@gmail.com,2,4,423
1613,Olya,2,Vasya@ukr.com,3,4,100
1614,Tonya,2,Igor@gmail.com,4,3,100
1615,Igor,1,Tonya@gmail.com,3,2,423
1616,Tonya,2,Igor@gmail.com,2,2,365
1617,Igor,1,Vasya@ukr.com,1,2,423
1618,Olya,3,Tonya@gmail.com,3,2,100
1619,Olya,2,Tonya@gmail.com,3,4,100
1620,Olya,2,Tonya@gmail.com,2,3,423
1621,Petro,1,Tonya@gmail.com,4,1,200
1622,Petro,1,Olya@gmail.com,1,1,423
1623,Petro,3,Nastya@gmail.com,1,3,423
1624,Tonya,2,Tonya@gmail.com,4,2,100
1625,Petro,2,Tonya@gmail.com,4,1,423
1626,Petro,1,Nastya@gmail.com,2,3,423
1627,Tonya,1,Tonya@gmail.com,1,3,200
1628,Olya,2,Nastya@gmail.com,4,3,423
1629,Vasya,3,Vasya@ukr.com,1,4,423
1630,Petro,1,Igor@gmail.com,2,2,365
1631,Vasya,1,Nastya@gmail.com,4,1,200
1632,Petro,1,Nastya@gmail.com,3,3,200
1633,Tonya,3,Tonya@gmail.com,4,1,423
1634,Igor,3,Vasya@ukr.com,4,4,200
1635,Vasya,3,Igor@gmail.com,3,1,423
1636,Petro,1,Igor@gmail.com,2,4,365
1637,Nastya,1,Olya@gmail.com,2,2,423
1638,Olya,3,Nastya@gmail.com,1,2,423
1639,Petro,2,Igor@gmail.com,3,3,365
1640,Vasya,3,Nastya@gmail.com,1,4,200
1641,Olya,1,Vasya@ukr.com,2,3,100
1642,Tonya,2,Tonya@gmail.com,4,1,100
1643,Nastya,3,Olya@gmail.com,2,2,100
1644,Nastya,3,Nastya@gmail.com,4,2,423
1645,Nastya,1,Tonya@gmail.com,1,1,365
1646,Olya,3,Igor@gmail.com,4,2,365
1647,Igor,1,Vasya@ukr.com,1,2,365
1648,Nastya,3,Olya@gmail.com,1,2,423
1649,Olya,1,Nastya@gmail.com,4,3,365
1650,Tonya,2,Tonya@gmail.com,3,3,100
1651,Nastya,1,Igor@gmail.com,4,4,100
1652,Igor,2,Olya@gmail.com,2,1,423
1653,Vasya,1,Olya@gmail.com,1,3,200
1654,Igor,1,Igor@gmail.com,1,4,100
1655,Olya,3,Vasya@ukr.com,3,3,200
1656,Olya,2,Olya@gmail.com,4,4,423
1657,Tonya,2,Olya@gmail.com,2,3,423
1658,Nastya,2,Nastya@gmail.com,4,2,200
1659,Tonya,3,Olya@gmail.com,4,1,365
1660,Igor,2,Vasya@ukr.com,2,3,100
1661,Vasya,1,Nastya@gmail.com,4,3,200
1662,Vasya,3,Igor@gmail.com,3,1,365
1663,Igor,2,Olya@gmail.com,2,2,100
1664,Vasya,1,Igor@gmail.com,2,2,423
1665,Petro,2,Igor@gmail.com,2,4,365
1666,Vasya,1,Igor@gmail.com,1,2,365
1667,Tonya,1,Tonya@gmail.com,1,4,200
1668,Igor,2,Igor@gmail.com,2,2,423
1669,Tonya,1,Vasya@ukr.com,4,2,200
1670,Vasya,3,Vasya@ukr.com,1,3,365
1671,Igor,1,Tonya@gmail.com,1,4,100
1672,Tonya,3,Tonya@gmail.com,2,2,100
1673,Nastya,2,Nastya@gmail.com,1,4,100
1674,Tonya,1,Olya@gmail.com,4,3,100
1675,Vasya,2,Olya@gmail.com,3,1,100
1676,Nastya,2,Tonya@gmail.com,1,4,423
1677,Tonya,1,Igor@gmail.com,2,1,365
1678,Igor,2,Vasya@ukr.com,1,4,423
1679,Igor,3,Tonya@gmail.com,3,2,100
1680,Tonya,3,Vasya@ukr.com,4,1,423
1681,Tonya,2,Olya@gmail.com,4,1,423
1682,Igor,2,Tonya@gmail.com,3,1,423
1683,Nastya,2,Tonya@gmail.com,2,3,423
1684,Igor,3,Tonya@gmail.com,3,2,100
1685,Olya,1,Vasya@ukr.com,1,3,365
1686,Vasya,3,Tonya@gmail.com,3,4,200
1687,Nastya,2,Nastya@gmail.com,3,1,100
1688,Olya,1,Nastya@gmail.com,3,4,200
1689,Tonya,1,Igor@gmail.com,4,2,423
1690,Igor,2,Nastya@gmail.com,4,1,365
1691,Petro,3,Vasya@ukr.com,3,2,365
1692,Olya,2,Vasya@ukr.com,3,2,423
1693,Petro,3,Olya@gmail.com,4,4,200
1694,Igor,3,Igor@gmail.com,2,4,365
1695,Olya,2,Nastya@gmail.com,1,4,365
1696,Olya,3,Tonya@gmail.com,2,4,200
1697,Igor,3,Igor@gmail.com,3,3,100
1698,Vasya,3,Vasya@ukr.com,4,4,423
1699,Nastya,1,Nastya@gmail.com,3,3,423
1700,Petro,1,Igor@gmail.com,2,3,365
1701,Tonya,2,Tonya@gmail.com,4,2,200
1702,Petro,3,Igor@gmail.com,3,3,365
1703,Igor,3,Igor@gmail.com,2,3,365
1704,Vasya,2,Nastya@gmail.com,3,4,423
1705,Petro,1,Tonya@gmail.com,4,2,365
1706,Tonya,1,Nastya@gmail.com,3,4,423
1707,Nastya,3,Tonya@gmail.com,4,1,100
1708,Olya,2,Nastya@gmail.com,2,1,423
1709,Olya,3,Nastya@gmail.com,2,2,423
1710,Tonya,3,Vasya@ukr.com,3,4,423
1711,Tonya,3,Igor@gmail.com,4,4,200
1712,Petro,3,Nastya@gmail.com,2,1,200
1713,Olya,1,Vasya@ukr.com,2,2,200
1714,Olya,2,Nastya@gmail.com,3,3,365
1715,Vasya,2,Igor@gmail.com,3,1,365
1716,Nastya,3,Nastya@gmail.com,4,1,200
1717,Tonya,2,Igor@gmail.com,3,4,100
1718,Tonya,1,Olya@gmail.com,3,2,100
1719,Tonya,1,Tonya@gmail.com,2,2,100
1720,Vasya,3,Olya@gmail.com,1,3,100
1721,Vasya,2,Tonya@gmail.com,4,4,100
1722,Tonya,3,Olya@gmail.com,4,1,423
1723,Vasya,3,Igor@gmail.com,4,4,200
1724,Vasya,2,Tonya@gmail.com,3,2,423
1725,Tonya,3,Nastya@gmail.com,2,2,365
1726,Igor,1,Nastya@gmail.com,4,1,200
1727,Olya,1,Tonya@gmail.com,1,1,365
1728,Vasya,1,Nastya@gmail.com,3,4,100
1729,Olya,2,Olya@gmail.com,2,4,200
1730,Petro,1,Nastya@gmail.com,4,2,200
1731,Petro,1,Tonya@gmail.com,4,3,100
1732,Olya,3,Tonya@gmail.com,1,3,423
1733,Tonya,1,Olya@gmail.com,3,4,100
1734,Nastya,3,Vasya@ukr.com,1,1,365
1735,Igor,1,Olya@gmail.com,1,3,423
1736,Olya,1,Nastya@gmail.com,1,3,365
1737,Tonya,1,Tonya@gmail.com,4,1,423
1738,Tonya,2,Olya@gmail.com,3,2,423
1739,Tonya,3,Tonya@gmail.com,2,3,100
1740,Nastya,2,Tonya@gmail.com,1,2,200
1741,Petro,2,Tonya@gmail.com,4,1,200
1742,Petro,3,Igor@gmail.com,1,4,365
1743,Olya,3,Vasya@ukr.com,3,3,100
1744,Olya,2,Nastya@gmail.com,4,1,200
1745,Nastya,3,Igor@gmail.com,4,2,365
1746,Igor,3,Olya@gmail.com,2,4,100
1747,Petro,3,Tonya@gmail.com,1,1,365
1748,Vasya,1,Tonya@gmail.com,4,4,365
1749,Tonya,2,Igor@gmail.com,2,1,100
1750,Tonya,2,Igor@gmail.com,2,3,365
1751,Tonya,3,Nastya@gmail.com,1,3,200
1752,Nastya,1,Igor@gmail.com,1,2,100
1753,Nastya,1,Igor@gmail.com,1,3,423
1754,Nastya,3,Nastya@gmail.com,2,1,200
1755,Olya,2,Vasya@ukr.com,2,4,100
1756,Tonya,2,Tonya@gmail.com,2,4,200
1757,Igor,2,Tonya@gmail.com,4,2,100
1758,Vasya,1,Vasya@ukr.com,3,3,365
1759,Olya,2,Nastya@gmail.com,3,1,100
1760,Nastya,1,Tonya@gmail.com,4,3,100
1761,Vasya,2,Olya@gmail.com,1,4,423
1762,Vasya,3,Igor@gmail.com,2,4,200
1763,Vasya,1,Olya@gmail.com,4,2,200
1764,Igor,2,Vasya@ukr.com,3,3,365
1765,Olya,1,Olya@gmail.com,4,3,423
1766,Olya,3,Vasya@ukr.com,2,1,365
1767,Igor,1,Vasya@ukr.com,4,4,365
1768,Vasya,1,Tonya@gmail.com,4,3,423
1769,Vasya,2,Nastya@gmail.com,3,1,423
1770,Igor,1,Nastya@gmail.com,3,2,200
1771,Nastya,1,Vasya@ukr.com,1,3,200
1772,Petro,2,Igor@gmail.com,4,1,423
1773,Petro,1,Nastya@gmail.com,3,1,423
1774,Petro,2,Olya@gmail.com,1,4,423
1775,Tonya,3,Tonya@gmail.com,1,2,200
1776,Tonya,3,Olya@gmail.com,2,1,423
1777,Nastya,1,Nastya@gmail.com,2,1,423
1778,Tonya,3,Olya@gmail.com,1,1,100
1779,Tonya,2,Nastya@gmail.com,4,2,423
1780,Igor,3,Olya@gmail.com,3,2,365
1781,Tonya,2,Olya@gmail.com,1,1,365
1782,Igor,3,Vasya@ukr.com,3,2,100
1783,Igor,3,Vasya@ukr.com,4,3,365
1784,Tonya,1,Igor@gmail.com,2,2,200
1785,Petro,3,Igor@gmail.com,2,1,100
1786,Igor,3,Igor@gmail.com,4,3,200
1787,Vasya,1,Olya@gmail.com,2,4,365
1788,Tonya,1,Nastya@gmail.com,2,3,365
1789,Vasya,3,Olya@gmail.com,4,2,423
1790,Vasya,2,Nastya@gmail.com,1,1,365
1791,Nastya,3,Igor@gmail.com,1,1,200
1792,Olya,2,Tonya@gmail.com,3,2,200
1793,Petro,3,Tonya@gmail.com,1,3,365
1794,Nastya,3,Olya@gmail.com,1,4,423
1795,Petro,2,Igor@gmail.com,4,1,100
1796,Vasya,3,Tonya@gmail.com,1,4,100
1797,Igor,2,Igor@gmail.com,2,2,200
1798,Vasya,1,Igor@gmail.com,3,3,100
1799,Nastya,2,Igor@gmail.com,4,2,423
1800,Petro,3,Tonya@gmail.com,3,1,423
1801,Petro,3,Nastya@gmail.com,3,1,423
1802,Vasya,3,Tonya@gmail.com,3,2,100
1803,Vasya,3,Tonya@gmail.com,1,4,100
1804,Igor,3,Olya@gmail.com,4,4,100
1805,Igor,1,Olya@gmail.com,1,1,423
1806,Nastya,3,Olya@gmail.com,2,2,365
1807,Igor,1,Vasya@ukr.com,4,1,100
1808,Olya,1,Olya@gmail.com,3,4,423
1809,Igor,3,Vasya@ukr.com,1,1,423
1810,Nastya,3,Igor@gmail.com,2,3,100
1811,Nastya,3,Nastya@gmail.com,1,1,100
1812,Vasya,3,Tonya@gmail.com,1,2,423
1813,Petro,3,Tonya@gmail.com,1,2,100
1814,Vasya,1,Tonya@gmail.com,2,3,423
1815,Tonya,1,Vasya@ukr.com,4,1,100
1816,Olya,1,Nastya@gmail.com,1,2,365
1817,Igor,1,Vasya@ukr.com,3,4,100
1818,Olya,1,Tonya@gmail.com,2,3,423
1819,Nastya,3,Tonya@gmail.com,4,2,200
1820,Olya,1,Tonya@gmail.com,4,2,200
1821,Igor,1,Igor@gmail.com,3,1,423
1822,Nastya,2,Igor@gmail.com,2,1,200
1823,Vasya,3,Vasya@ukr.com,1,4,200
1824,Tonya,2,Olya@gmail.com,4,2,365
1825,Petro,1,Tonya@gmail.com,4,4,100
1826,Tonya,2,Vasya@ukr.com,4,2,423
1827,Igor,2,Igor@gmail.com,4,4,200
1828,Vasya,2,Olya@gmail.com,1,1,100
1829,Tonya,2,Igor@gmail.com,1,4,365
1830,Tonya,2,Nastya@gmail.com,2,3,365
1831,Igor,1,Igor@gmail.com,4,4,200
1832,Igor,3,Tonya@gmail.com,1,3,365
1833,Tonya,1,Vasya@ukr.com,2,4,200
1834,Igor,3,Olya@gmail.com,4,3,423
1835,Nastya,2,Olya@gmail.com,4,2,365
1836,Igor,2,Nastya@gmail.com,2,4,365
1837,Vasya,3,Nastya@gmail.com,3,1,423
1838,Petro,3,Olya@gmail.com,2,1,365
1839,Igor,1,Nastya@gmail.com,3,2,365
1840,Tonya,1,Nastya@gmail.com,4,3,200
1841,Igor,2,Olya@gmail.com,3,1,365
1842,Olya,3,Igor@gmail.com,2,3,200
1843,Igor,1,Nastya@gmail.com,1,4,423
1844,Petro,2,Igor@gmail.com,2,2,200
1845,Igor,3,Tonya@gmail.com,4,4,365
1846,Vasya,2,Olya@gmail.com,1,3,423
1847,Igor,1,Nastya@gmail.com,3,2,423
1848,Tonya,3,Nastya@gmail.com,1,3,100
1849,Igor,3,Tonya@gmail.com,3,3,423
1850,Vasya,2,Igor@gmail.com,2,2,200
1851,Petro,2,Vasya@ukr.com,3,1,100
1852,Vasya,2,Tonya@gmail.com,1,2,423
1853,Tonya,3,Igor@gmail.com,3,2,365
1854,Igor,2,Tonya@gmail.com,1,2,100
1855,Igor,2,Tonya@gmail.com,1,4,365
1856,Petro,2,Vasya@ukr.com,3,2,100
1857,Olya,3,Igor@gmail.com,3,4,365
1858,Nastya,1,Tonya@gmail.com,4,1,100
1859,Petro,3,Tonya@gmail.com,4,3,365
1860,Petro,2,Tonya@gmail.com,3,2,100
1861,Igor,1,Tonya@gmail.com,3,1,200
1862,Tonya,2,Olya@gmail.com,2,1,100
1863,Tonya,1,Olya@gmail.com,4,3,365
1864,Olya,1,Olya@gmail.com,4,3,423
1865,Nastya,1,Igor@gmail.com,1,3,365
1866,Nastya,3,Vasya@ukr.com,3,4,423
1867,Petro,3,Vasya@ukr.com,4,1,423
1868,Olya,3,Nastya@gmail.com,3,1,200
1869,Nastya,2,Olya@gmail.com,3,4,365
1870,Tonya,2,Olya@gmail.com,1,1,100
1871,Vasya,2,Vasya@ukr.com,2,4,423
1872,Nastya,3,Olya@gmail.com,3,2,100
1873,Petro,3,Tonya@gmail.com,3,1,200
1874,Tonya,2,Igor@gmail.com,1,3,200
1875,Igor,1,Tonya@gmail.com,2,3,423
1876,Olya,2,Nastya@gmail.com,3,4,423
1877,Tonya,2,Olya@gmail.com,1,4,423
1878,Nastya,2,Igor@gmail.com,1,3,365
1879,Vasya,3,Tonya@gmail.com,2,1,423
1880,Nastya,1,Nastya@gmail.com,4,2,200
1881,Igor,1,Igor@gmail.com,3,3,100
1882,Petro,1,Vasya@ukr.com,2,4,365
1883,Vasya,1,Olya@gmail.com,2,3,423
1884,Olya,1,Olya@gmail.com,1,4,200
1885,Olya,2,Igor@gmail.com,1,3,200
1886,Tonya,3,Tonya@gmail.com,4,2,365
1887,Tonya,1,Igor@gmail.com,1,4,423
1888,Vasya,1,Vasya@ukr.com,1,1,100
1889,Olya,1,Igor@gmail.com,3,2,200
1890,Petro,3,Olya@gmail.com,2,1,365
1891,Petro,2,Nastya@gmail.com,4,1,100
1892,Nastya,3,Olya@gmail.com,2,3,200
1893,Olya,3,Vasya@ukr.com,4,3,200
1894,Igor,3,Tonya@gmail.com,2,1,200
1895,Tonya,2,Nastya@gmail.com,1,4,365
1896,Nastya,2,Vasya@ukr.com,4,2,100
1897,Igor,3,Vasya@ukr.com,3,4,423
1898,Tonya,2,Nastya@gmail.com,4,1,200
1899,Igor,3,Vasya@ukr.com,2,4,100
1900,Nastya,1,Igor@gmail.com,3,4,100
1901,Igor,2,Vasya@ukr.com,4,2,423
1902,Petro,3,Igor@gmail.com,2,4,423
1903,Petro,3,Tonya@gmail.com,2,4,423
1904,Tonya,3,Vasya@ukr.com,1,1,200
1905,Igor,2,Olya@gmail.com,3,2,100
1906,Tonya,2,Tonya@gmail.com,3,4,365
1907,Igor,3,Olya@gmail.com,4,3,365
1908,Petro,1,Igor@gmail.com,4,2,365
1909,Tonya,3,Tonya@gmail.com,2,4,100
1910,Igor,3,Nastya@gmail.com,1,4,423
1911,Igor,1,Igor@gmail.com,1,3,423
1912,Igor,1,Igor@gmail.com,4,2,423
1913,Petro,3,Olya@gmail.com,4,2,100
1914,Vasya,2,Nastya@gmail.com,2,3,100
1915,Nastya,2,Olya@gmail.com,3,4,365
1916,Igor,1,Tonya@gmail.com,4,4,365
1917,Igor,3,Tonya@gmail.com,1,1,365
1918,Petro,3,Vasya@ukr.com,1,1,100
1919,Petro,3,Igor@gmail.com,4,3,423
1920,Olya,2,Tonya@gmail.com,2,3,100
1921,Petro,1,Nastya@gmail.com,2,4,200
1922,Tonya,3,Vasya@ukr.com,2,4,100
1923,Tonya,2,Olya@gmail.com,3,4,100
1924,Olya,1,Olya@gmail.com,2,1,100
1925,Nastya,1,Tonya@gmail.com,4,3,200
1926,Olya,2,Nastya@gmail.com,4,3,100
1927,Vasya,1,Nastya@gmail.com,4,3,365
1928,Tonya,2,Vasya@ukr.com,3,1,365
1929,Igor,3,Tonya@gmail.com,3,1,100
1930,Tonya,1,Vasya@ukr.com,3,3,365
1931,Vasya,1,Olya@gmail.com,4,1,423
1932,Petro,2,Tonya@gmail.com,4,4,365
1933,Vasya,1,Tonya@gmail.com,1,1,365
1934,Olya,3,Tonya@gmail.com,2,4,200
1935,Petro,2,Vasya@ukr.com,1,2,365
1936,Petro,2,Nastya@gmail.com,4,2,365
1937,Igor,3,Tonya@gmail.com,4,4,365
1938,Petro,1,Igor@gmail.com,2,1,100
1939,Igor,3,Nastya@gmail.com,3,3,423
1940,Vasya,3,Tonya@gmail.com,4,4,423
1941,Olya,3,Tonya@gmail.com,1,1,200
1942,Petro,3,Igor@gmail.com,4,2,423
1943,Olya,3,Vasya@ukr.com,3,3,200
1944,Tonya,2,Tonya@gmail.com,2,4,365
1945,Tonya,3,Tonya@gmail.com,4,1,200
1946,Vasya,3,Olya@gmail.com,3,4,365
1947,Tonya,1,Olya@gmail.com,1,1,365
1948,Nastya,3,Igor@gmail.com,4,2,100
1949,Igor,1,Tonya@gmail.com,1,2,423
1950,Tonya,1,Tonya@gmail.com,3,4,100
1951,Olya,1,Nastya@gmail.com,3,4,423
1952,Vasya,2,Igor@gmail.com,4,4,423
1953,Vasya,2,Igor@gmail.com,3,2,200
1954,Vasya,1,Igor@gmail.com,4,3,423
1955,Vasya,1,Nastya@gmail.com,1,4,423
1956,Petro,2,Nastya@gmail.com,2,1,100
1957,Igor,3,Nastya@gmail.com,4,2,200
1958,Vasya,3,Tonya@gmail.com,3,1,423
1959,Olya,1,Nastya@gmail.com,1,1,365
1960,Vasya,2,Tonya@gmail.com,3,1,100
1961,Olya,1,Nastya@gmail.com,3,2,423
1962,Olya,3,Tonya@gmail.com,1,1,100
1963,Vasya,3,Igor@gmail.com,3,2,100
1964,Olya,2,Tonya@gmail.com,3,3,365
1965,Tonya,2,Vasya@ukr.com,3,3,365
1966,Igor,2,Tonya@gmail.com,2,4,423
1967,Tonya,2,Tonya@gmail.com,2,1,100
1968,Olya,1,Vasya@ukr.com,1,1,200
1969,Igor,2,Tonya@gmail.com,4,1,200
1970,Olya,1,Nastya@gmail.com,4,1,423
1971,Petro,2,Tonya@gmail.com,1,3,423
1972,Nastya,2,Tonya@gmail.com,3,1,200
1973,Petro,3,Nastya@gmail.com,2,3,100
1974,Igor,1,Nastya@gmail.com,2,2,100
1975,Igor,2,Olya@gmail.com,2,4,200
1976,Tonya,3,Vasya@ukr.com,2,4,100
1977,Nastya,2,Tonya@gmail.com,2,1,100
1978,Olya,3,Olya@gmail.com,4,1,365
1979,Tonya,2,Vasya@ukr.com,3,3,200
1980,Vasya,3,Vasya@ukr.com,4,3,200
1981,Olya,1,Vasya@ukr.com,2,2,200
1982,Igor,3,Igor@gmail.com,1,2,200
1983,Olya,1,Igor@gmail.com,4,2,100
1984,Igor,1,Nastya@gmail.com,2,4,423
1985,Olya,3,Igor@gmail.com,4,1,423
1986,Vasya,3,Olya@gmail.com,2,4,423
1987,Petro,3,Nastya@gmail.com,1,3,423
1988,Olya,3,Igor@gmail.com,2,1,365
1989,Olya,3,Nastya@gmail.com,3,3,365
1990,Tonya,1,Igor@gmail.com,2,3,365
1991,Petro,3,Nastya@gmail.com,1,2,365
1992,Vasya,2,Tonya@gmail.com,1,4,100
1993,Olya,3,Igor@gmail.com,1,2,200
1994,Nastya,2,Olya@gmail.com,1,1,100
1995,Nastya,2,Igor@gmail.com,4,1,423
1996,Nastya,1,Vasya@ukr.com,2,1,423
1997,Nastya,3,Igor@gmail.com,4,2,365
1998,Nastya,3,Nastya@gmail.com,4,3,200
1999,Petro,1,Nastya@gmail.com,4,4,365
2000,Nastya,3,Igor@gmail.com,4,4,365
